-- phpMyAdmin SQL Dump
-- version 5.2.2
-- https://www.phpmyadmin.net/
--
-- Host: localhost:3306
-- Generation Time: Jun 02, 2026 at 12:06 PM
-- Server version: 11.4.10-MariaDB-cll-lve
-- PHP Version: 8.4.21

SET SQL_MODE = "NO_AUTO_VALUE_ON_ZERO";
START TRANSACTION;
SET time_zone = "+00:00";


/*!40101 SET @OLD_CHARACTER_SET_CLIENT=@@CHARACTER_SET_CLIENT */;
/*!40101 SET @OLD_CHARACTER_SET_RESULTS=@@CHARACTER_SET_RESULTS */;
/*!40101 SET @OLD_COLLATION_CONNECTION=@@COLLATION_CONNECTION */;
/*!40101 SET NAMES utf8mb4 */;

--
-- Database: `oqkiznsf_cafemenu_site`
--

-- --------------------------------------------------------

--
-- Table structure for table `cafes`
--

CREATE TABLE `cafes` (
  `id` bigint(20) UNSIGNED NOT NULL,
  `code` char(6) DEFAULT NULL,
  `username` varchar(50) NOT NULL,
  `phone` varchar(30) NOT NULL,
  `person_name` varchar(150) NOT NULL,
  `cafe_name` varchar(150) DEFAULT NULL,
  `slogan` varchar(255) DEFAULT NULL,
  `password_hash` varchar(255) NOT NULL,
  `logo_path` varchar(255) DEFAULT NULL,
  `currency_name` varchar(6) NOT NULL DEFAULT 'USD',
  `theme_style` varchar(20) NOT NULL DEFAULT 'theme1',
  `address_text` varchar(255) DEFAULT NULL,
  `location_url` varchar(500) DEFAULT NULL,
  `extra_fee_enabled` tinyint(1) NOT NULL DEFAULT 0,
  `extra_fee_type` enum('fixed','percent') DEFAULT NULL,
  `extra_fee_value` decimal(10,2) DEFAULT NULL,
  `menu_updated_at` datetime NOT NULL DEFAULT current_timestamp(),
  `status` enum('active','inactive','demo') NOT NULL DEFAULT 'active',
  `created_at` datetime NOT NULL DEFAULT current_timestamp(),
  `updated_at` datetime NOT NULL DEFAULT current_timestamp() ON UPDATE current_timestamp()
) ENGINE=InnoDB DEFAULT CHARSET=utf8mb4 COLLATE=utf8mb4_unicode_ci;

--
-- Dumping data for table `cafes`
--

INSERT INTO `cafes` (`id`, `code`, `username`, `phone`, `person_name`, `cafe_name`, `slogan`, `password_hash`, `logo_path`, `currency_name`, `theme_style`, `address_text`, `location_url`, `extra_fee_enabled`, `extra_fee_type`, `extra_fee_value`, `menu_updated_at`, `status`, `created_at`, `updated_at`) VALUES
(1, '112233', 'bestcafe', '+998901112233', 'Muslimbek', 'Best Cafe', '', '$2y$12$l4sW6d9F2VGJ5u0A0FsNeOsqCO1nLpHVfdt8TPrXh.6Ht/bQGvv2G', NULL, 'USD', 'theme2', 'Navoi street 12, Urgench', 'https://maps.google.com/?q=41.55,60.63', 0, 'fixed', 1.00, '2026-05-09 16:36:51', 'demo', '2026-04-02 21:36:13', '2026-05-09 07:36:51'),
(2, '102030', 'daryo', '+998918500077', 'Rustam', 'Daryo by Bursa', 'Обслуживание / Xizmat  🛎️ 15%', '$2y$12$l4sW6d9F2VGJ5u0A0FsNeOsqCO1nLpHVfdt8TPrXh.6Ht/bQGvv2G', 'uploads/daryo/1776140379_8d3334629ed53d3686b9.png', 'UZS', 'theme1', '', '', 0, NULL, NULL, '2026-06-02 16:47:03', 'active', '2026-04-02 23:34:49', '2026-06-02 07:47:03'),
(3, '123456', 'demo', '+998946875461', 'Ahmed', 'Super cafe', 'Обслуживание / Xizmat  🛎️ 10%', '$2y$10$Kns4LkkpUu.19V4X.KOTv.GYIlFVtyed1gzdhvW0GuGbc5D8Yosg.', 'uploads/demo/1778175466_1e5536e34b6cdc7274fb.png', 'UZS', 'theme1', '', '', 1, 'percent', 10.00, '2026-06-01 20:02:55', 'demo', '2026-04-29 23:12:52', '2026-06-01 11:02:55'),
(6, '864947', 'lummy', '+998949044333', 'Lummy by zana', 'Restaurant Menu', 'Обслуживание / Xizmat  🛎️ 10%', '$2y$10$T40F/DFWvbJJPFbxj/fuHu6q4FYlUj/lp0L8JgRivPuWbk3D4LKDm', 'uploads/lummy/1777977567_657bd3c006eac85a9fc4.png', 'uzs', 'theme1', '', '', 1, 'percent', 10.00, '2026-05-19 17:29:00', 'active', '2026-05-04 07:24:15', '2026-05-19 08:29:00'),
(7, '013883', 'leo', '0039 3939948691', 'Leo', 'Aquamarea', NULL, '$2y$10$WADSBomQDAdZ0zhOB.S/yuq8eXi3b3uMZv.oPyIvys5kLp3Hynq4S', NULL, 'UZS', 'theme1', NULL, NULL, 0, NULL, NULL, '2026-05-13 15:42:17', 'demo', '2026-05-13 15:42:17', '2026-05-13 15:42:17'),
(8, '838388', 'kikaka', '+255772605300', 'kikaka', 'MMEKULA LEO', NULL, '$2y$10$iIUOmyiVkysGtc0TjGeTt.T90uSkwxN8ugiErkIgPOKzJ1IHI48Mq', NULL, 'UZS', 'theme1', NULL, NULL, 0, NULL, NULL, '2026-05-20 11:42:52', 'demo', '2026-05-20 11:42:52', '2026-05-20 11:42:52');

-- --------------------------------------------------------

--
-- Table structure for table `cafe_fee_translations`
--

CREATE TABLE `cafe_fee_translations` (
  `id` bigint(20) UNSIGNED NOT NULL,
  `cafe_id` bigint(20) UNSIGNED NOT NULL,
  `language_code` varchar(10) NOT NULL,
  `label` varchar(100) NOT NULL,
  `created_at` datetime NOT NULL DEFAULT current_timestamp(),
  `updated_at` datetime NOT NULL DEFAULT current_timestamp() ON UPDATE current_timestamp()
) ENGINE=InnoDB DEFAULT CHARSET=utf8mb4 COLLATE=utf8mb4_unicode_ci;

--
-- Dumping data for table `cafe_fee_translations`
--

INSERT INTO `cafe_fee_translations` (`id`, `cafe_id`, `language_code`, `label`, `created_at`, `updated_at`) VALUES
(56, 6, 'ru', 'Обслуга', '2026-05-05 06:42:59', '2026-05-05 06:42:59'),
(57, 6, 'tr', 'Hizmet', '2026-05-05 06:42:59', '2026-05-05 06:42:59'),
(58, 6, 'uz', 'Xizmat', '2026-05-05 06:42:59', '2026-05-05 06:42:59'),
(59, 3, 'tr', 'Fee', '2026-05-09 05:10:10', '2026-05-09 05:10:10');

-- --------------------------------------------------------

--
-- Table structure for table `cafe_languages`
--

CREATE TABLE `cafe_languages` (
  `id` bigint(20) UNSIGNED NOT NULL,
  `cafe_id` bigint(20) UNSIGNED NOT NULL,
  `language_code` varchar(10) NOT NULL,
  `sort_order` tinyint(3) UNSIGNED NOT NULL,
  `created_at` datetime NOT NULL DEFAULT current_timestamp(),
  `updated_at` datetime NOT NULL DEFAULT current_timestamp() ON UPDATE current_timestamp()
) ENGINE=InnoDB DEFAULT CHARSET=utf8mb4 COLLATE=utf8mb4_unicode_ci;

--
-- Dumping data for table `cafe_languages`
--

INSERT INTO `cafe_languages` (`id`, `cafe_id`, `language_code`, `sort_order`, `created_at`, `updated_at`) VALUES
(2, 2, 'ru', 1, '2026-04-28 18:46:42', '2026-04-28 18:46:42'),
(126, 6, 'ru', 1, '2026-05-05 06:42:59', '2026-05-05 06:42:59'),
(127, 6, 'tr', 2, '2026-05-05 06:42:59', '2026-05-05 06:42:59'),
(128, 6, 'uz', 3, '2026-05-05 06:42:59', '2026-05-05 06:42:59'),
(140, 3, 'tr', 1, '2026-05-09 05:10:10', '2026-05-09 05:10:10'),
(141, 3, 'en', 2, '2026-05-09 05:10:10', '2026-05-09 05:10:10'),
(142, 3, 'ru', 3, '2026-05-09 05:10:10', '2026-05-09 05:10:10'),
(154, 1, 'en', 1, '2026-05-09 07:36:51', '2026-05-09 07:36:51'),
(155, 1, 'tr', 2, '2026-05-09 07:36:51', '2026-05-09 07:36:51'),
(156, 7, 'en', 1, '2026-05-13 15:42:17', '2026-05-13 15:42:17'),
(157, 8, 'en', 1, '2026-05-20 11:42:52', '2026-05-20 11:42:52');

-- --------------------------------------------------------

--
-- Table structure for table `categories`
--

CREATE TABLE `categories` (
  `id` bigint(20) UNSIGNED NOT NULL,
  `cafe_id` bigint(20) UNSIGNED NOT NULL,
  `sort_order` int(11) NOT NULL DEFAULT 0,
  `is_active` tinyint(1) NOT NULL DEFAULT 1,
  `icon_path` varchar(255) DEFAULT NULL,
  `created_at` datetime NOT NULL DEFAULT current_timestamp(),
  `updated_at` datetime NOT NULL DEFAULT current_timestamp() ON UPDATE current_timestamp()
) ENGINE=InnoDB DEFAULT CHARSET=utf8mb4 COLLATE=utf8mb4_unicode_ci;

--
-- Dumping data for table `categories`
--

INSERT INTO `categories` (`id`, `cafe_id`, `sort_order`, `is_active`, `icon_path`, `created_at`, `updated_at`) VALUES
(1, 3, 0, 1, 'uploads/demo/1778394383_e772664d474624d49f89.png', '2026-04-29 23:22:02', '2026-05-10 02:26:23'),
(2, 3, 0, 1, NULL, '2026-04-29 23:22:59', '2026-04-29 23:22:59'),
(3, 3, 5, 1, NULL, '2026-05-03 05:06:35', '2026-05-03 05:06:35'),
(4, 6, 1, 1, NULL, '2026-05-04 07:28:24', '2026-05-05 07:13:26'),
(5, 6, 2, 1, NULL, '2026-05-04 07:30:17', '2026-05-05 07:14:00'),
(6, 6, 3, 1, NULL, '2026-05-04 07:30:56', '2026-05-05 07:14:27'),
(7, 6, 4, 1, NULL, '2026-05-04 07:31:45', '2026-05-05 07:14:40'),
(8, 6, 5, 1, NULL, '2026-05-04 07:32:37', '2026-05-05 07:14:46'),
(9, 6, 6, 1, NULL, '2026-05-04 07:33:45', '2026-05-05 07:14:56'),
(10, 6, 7, 1, NULL, '2026-05-04 07:34:17', '2026-05-05 07:15:03'),
(11, 6, 8, 1, NULL, '2026-05-04 07:34:59', '2026-05-05 07:15:12'),
(12, 6, 9, 1, NULL, '2026-05-04 07:35:46', '2026-05-05 07:15:19'),
(13, 6, 12, 1, NULL, '2026-05-04 07:36:18', '2026-05-05 07:15:27'),
(14, 6, 14, 1, NULL, '2026-05-04 07:36:47', '2026-05-05 07:15:38'),
(15, 6, 16, 1, NULL, '2026-05-04 07:37:19', '2026-05-05 07:15:43'),
(16, 6, 18, 1, NULL, '2026-05-04 07:39:02', '2026-05-05 07:15:51'),
(17, 6, 20, 1, NULL, '2026-05-04 07:42:10', '2026-05-05 07:16:04'),
(18, 6, 22, 1, NULL, '2026-05-04 07:42:41', '2026-05-05 07:16:14'),
(19, 6, 24, 1, NULL, '2026-05-04 07:43:19', '2026-05-05 07:16:21'),
(20, 6, 26, 1, NULL, '2026-05-05 03:08:30', '2026-05-05 07:16:29'),
(21, 6, 0, 1, NULL, '2026-05-19 08:22:54', '2026-05-19 08:22:54'),
(22, 6, 0, 1, NULL, '2026-05-19 08:24:26', '2026-05-19 08:24:26');

-- --------------------------------------------------------

--
-- Table structure for table `category_translations`
--

CREATE TABLE `category_translations` (
  `id` bigint(20) UNSIGNED NOT NULL,
  `category_id` bigint(20) UNSIGNED NOT NULL,
  `language_code` varchar(10) NOT NULL,
  `name` varchar(100) NOT NULL,
  `created_at` datetime NOT NULL DEFAULT current_timestamp(),
  `updated_at` datetime NOT NULL DEFAULT current_timestamp() ON UPDATE current_timestamp()
) ENGINE=InnoDB DEFAULT CHARSET=utf8mb4 COLLATE=utf8mb4_unicode_ci;

--
-- Dumping data for table `category_translations`
--

INSERT INTO `category_translations` (`id`, `category_id`, `language_code`, `name`, `created_at`, `updated_at`) VALUES
(9, 2, 'en', 'Burgers', '2026-04-30 21:50:24', '2026-04-30 21:50:24'),
(10, 2, 'uz', 'Burgerlar', '2026-04-30 21:50:24', '2026-04-30 21:50:24'),
(16, 3, 'en', 'Salads', '2026-05-03 05:06:35', '2026-05-03 05:06:35'),
(85, 4, 'ru', 'Завтраки', '2026-05-05 07:13:26', '2026-05-05 07:13:26'),
(86, 4, 'tr', 'Kahvaltılar', '2026-05-05 07:13:26', '2026-05-05 07:13:26'),
(87, 4, 'uz', 'Nonushta', '2026-05-05 07:13:26', '2026-05-05 07:13:26'),
(88, 5, 'ru', 'Закуски', '2026-05-05 07:14:00', '2026-05-05 07:14:00'),
(89, 5, 'tr', 'Mezeler', '2026-05-05 07:14:00', '2026-05-05 07:14:00'),
(90, 5, 'uz', 'Gazaklar', '2026-05-05 07:14:00', '2026-05-05 07:14:00'),
(91, 6, 'ru', 'Бургеры', '2026-05-05 07:14:27', '2026-05-05 07:14:27'),
(92, 6, 'tr', 'Burgerler', '2026-05-05 07:14:27', '2026-05-05 07:14:27'),
(93, 6, 'uz', 'Burgerlar', '2026-05-05 07:14:27', '2026-05-05 07:14:27'),
(94, 7, 'ru', 'Блюда из курицы', '2026-05-05 07:14:40', '2026-05-05 07:14:40'),
(95, 7, 'tr', 'Tavuk yemekleri', '2026-05-05 07:14:40', '2026-05-05 07:14:40'),
(96, 7, 'uz', 'Tovuq taomlari', '2026-05-05 07:14:40', '2026-05-05 07:14:40'),
(97, 8, 'ru', 'Блюда из мяса', '2026-05-05 07:14:46', '2026-05-05 07:14:46'),
(98, 8, 'tr', 'Et yemekleri', '2026-05-05 07:14:46', '2026-05-05 07:14:46'),
(99, 8, 'uz', 'Go\'shtli taomlar', '2026-05-05 07:14:46', '2026-05-05 07:14:46'),
(100, 9, 'ru', 'Пицца', '2026-05-05 07:14:56', '2026-05-05 07:14:56'),
(101, 9, 'tr', 'Pizza', '2026-05-05 07:14:56', '2026-05-05 07:14:56'),
(102, 9, 'uz', 'Pizza', '2026-05-05 07:14:56', '2026-05-05 07:14:56'),
(103, 10, 'ru', 'Пита', '2026-05-05 07:15:03', '2026-05-05 07:15:03'),
(104, 10, 'tr', 'Pita', '2026-05-05 07:15:03', '2026-05-05 07:15:03'),
(105, 10, 'uz', 'Pita', '2026-05-05 07:15:03', '2026-05-05 07:15:03'),
(106, 11, 'ru', 'Паста', '2026-05-05 07:15:12', '2026-05-05 07:15:12'),
(107, 11, 'tr', 'Makarnalar', '2026-05-05 07:15:12', '2026-05-05 07:15:12'),
(108, 11, 'uz', 'Makaronli', '2026-05-05 07:15:12', '2026-05-05 07:15:12'),
(109, 12, 'ru', 'Салаты', '2026-05-05 07:15:19', '2026-05-05 07:15:19'),
(110, 12, 'tr', 'Salatalar', '2026-05-05 07:15:19', '2026-05-05 07:15:19'),
(111, 12, 'uz', 'Salatlar', '2026-05-05 07:15:19', '2026-05-05 07:15:19'),
(112, 13, 'ru', 'Десерты', '2026-05-05 07:15:27', '2026-05-05 07:15:27'),
(113, 13, 'tr', 'Tatlılar', '2026-05-05 07:15:27', '2026-05-05 07:15:27'),
(114, 13, 'uz', 'Shirinliklar', '2026-05-05 07:15:27', '2026-05-05 07:15:27'),
(115, 14, 'ru', 'Чай', '2026-05-05 07:15:38', '2026-05-05 07:15:38'),
(116, 14, 'tr', 'Çay', '2026-05-05 07:15:38', '2026-05-05 07:15:38'),
(117, 14, 'uz', 'Choy', '2026-05-05 07:15:38', '2026-05-05 07:15:38'),
(118, 15, 'ru', 'Лимонады', '2026-05-05 07:15:43', '2026-05-05 07:15:43'),
(119, 15, 'tr', 'Limonatalar', '2026-05-05 07:15:43', '2026-05-05 07:15:43'),
(120, 15, 'uz', 'Limonadlar', '2026-05-05 07:15:43', '2026-05-05 07:15:43'),
(121, 16, 'ru', 'Смузи и милкшейки', '2026-05-05 07:15:51', '2026-05-05 07:15:51'),
(122, 16, 'tr', 'Smoothie ve milkshake\'ler', '2026-05-05 07:15:51', '2026-05-05 07:15:51'),
(123, 16, 'uz', 'Smuzi va milksheyklar', '2026-05-05 07:15:51', '2026-05-05 07:15:51'),
(124, 17, 'ru', 'Соки свежие', '2026-05-05 07:16:04', '2026-05-05 07:16:04'),
(125, 17, 'tr', 'Meyve suları', '2026-05-05 07:16:04', '2026-05-05 07:16:04'),
(126, 17, 'uz', 'Mevali sharbatlar', '2026-05-05 07:16:04', '2026-05-05 07:16:04'),
(127, 18, 'ru', 'Напитки', '2026-05-05 07:16:14', '2026-05-05 07:16:14'),
(128, 18, 'tr', 'İçecekler', '2026-05-05 07:16:14', '2026-05-05 07:16:14'),
(129, 18, 'uz', 'Ichimliklar', '2026-05-05 07:16:14', '2026-05-05 07:16:14'),
(130, 19, 'ru', 'Кофе', '2026-05-05 07:16:21', '2026-05-05 07:16:21'),
(131, 19, 'tr', 'Kahve', '2026-05-05 07:16:21', '2026-05-05 07:16:21'),
(132, 19, 'uz', 'Qahvalar', '2026-05-05 07:16:21', '2026-05-05 07:16:21'),
(133, 20, 'ru', 'Лимонады авторские', '2026-05-05 07:16:29', '2026-05-05 07:16:29'),
(134, 20, 'tr', 'Özel limonatalar', '2026-05-05 07:16:29', '2026-05-05 07:16:29'),
(135, 20, 'uz', 'Maxsus limonadlar', '2026-05-05 07:16:29', '2026-05-05 07:16:29'),
(140, 21, 'ru', 'Bubble tea', '2026-05-19 08:22:54', '2026-05-19 08:22:54'),
(141, 22, 'ru', 'смузи', '2026-05-19 08:24:26', '2026-05-19 08:24:26'),
(142, 1, 'tr', 'Icecekler', '2026-06-01 11:02:55', '2026-06-01 11:02:55'),
(143, 1, 'en', 'Drinks', '2026-06-01 11:02:55', '2026-06-01 11:02:55');

-- --------------------------------------------------------

--
-- Table structure for table `menu_items`
--

CREATE TABLE `menu_items` (
  `id` bigint(20) UNSIGNED NOT NULL,
  `cafe_id` bigint(20) UNSIGNED NOT NULL,
  `category_id` bigint(20) UNSIGNED DEFAULT NULL,
  `price` decimal(10,2) NOT NULL,
  `image_path` varchar(255) DEFAULT NULL,
  `is_available` tinyint(1) NOT NULL DEFAULT 1,
  `sort_order` int(11) NOT NULL DEFAULT 0,
  `created_at` datetime NOT NULL DEFAULT current_timestamp(),
  `updated_at` datetime NOT NULL DEFAULT current_timestamp() ON UPDATE current_timestamp()
) ENGINE=InnoDB DEFAULT CHARSET=utf8mb4 COLLATE=utf8mb4_unicode_ci;

--
-- Dumping data for table `menu_items`
--

INSERT INTO `menu_items` (`id`, `cafe_id`, `category_id`, `price`, `image_path`, `is_available`, `sort_order`, `created_at`, `updated_at`) VALUES
(1, 1, NULL, 12.00, 'uploads/bestcafe/1778325962_2bfcf090ee5e04b89729.jpg', 1, 0, '2026-04-28 19:08:57', '2026-05-09 07:26:20'),
(2, 3, NULL, 50000.00, 'uploads/demo/1777660929_a1a634acd5ce7150f63b.jpg', 1, 10, '2026-04-30 21:44:21', '2026-05-01 23:42:10'),
(3, 3, 1, 10000.00, 'uploads/demo/1777652184_c4a6723097a365fc34d9.jpg', 1, 0, '2026-04-30 21:45:34', '2026-05-01 21:16:30'),
(5, 3, NULL, 33.00, 'uploads/demo/1777664940_a7b54823f51d9a8f1605.jpg', 1, 0, '2026-05-02 00:41:42', '2026-05-02 00:49:00'),
(6, 3, 1, 12000.00, NULL, 0, 0, '2026-05-03 04:56:35', '2026-05-10 02:05:10'),
(7, 3, 2, 45000.00, 'uploads/demo/1777799337_d936f3a9af02210771ac.jpg', 1, 0, '2026-05-03 05:08:57', '2026-05-03 05:08:57'),
(8, 6, 4, 60000.00, NULL, 1, 0, '2026-05-04 11:26:02', '2026-05-05 10:16:36'),
(9, 6, 4, 65000.00, NULL, 1, 4, '2026-05-04 11:26:54', '2026-05-05 09:52:39'),
(10, 6, 4, 67000.00, NULL, 1, 6, '2026-05-04 11:28:49', '2026-05-05 09:52:27'),
(11, 6, 4, 70000.00, NULL, 1, 8, '2026-05-04 11:30:02', '2026-05-05 09:52:14'),
(12, 6, 4, 170000.00, NULL, 1, 10, '2026-05-04 11:32:14', '2026-05-05 09:52:02'),
(13, 6, 5, 50000.00, NULL, 1, 0, '2026-05-04 11:42:38', '2026-05-04 11:42:38'),
(14, 6, 5, 27000.00, NULL, 1, 0, '2026-05-04 11:44:30', '2026-05-04 11:44:30'),
(15, 6, 5, 55000.00, NULL, 1, 0, '2026-05-04 11:47:00', '2026-05-04 11:47:00'),
(16, 6, 5, 62000.00, NULL, 1, 0, '2026-05-04 11:48:23', '2026-05-04 11:48:23'),
(17, 6, 5, 120000.00, NULL, 1, 0, '2026-05-04 11:50:14', '2026-05-04 11:50:14'),
(18, 6, 6, 75000.00, NULL, 1, 0, '2026-05-04 11:52:08', '2026-05-04 11:52:08'),
(19, 6, 6, 80000.00, NULL, 1, 0, '2026-05-04 11:53:38', '2026-05-04 11:53:38'),
(20, 6, 6, 84000.00, NULL, 1, 0, '2026-05-04 12:00:16', '2026-05-04 12:00:16'),
(21, 6, 6, 77000.00, 'uploads/lummy/1777971109_1b84fa8144c8f1c08831.png', 1, 0, '2026-05-04 12:01:21', '2026-05-05 04:51:49'),
(22, 6, 6, 140000.00, 'uploads/lummy/1777970945_35ec4a3a08ee4f158d55.png', 1, 0, '2026-05-04 12:02:44', '2026-05-05 04:49:05'),
(23, 6, 6, 75000.00, 'uploads/lummy/1777971129_c9e08b1e505a2b06a66b.png', 1, 0, '2026-05-04 12:03:31', '2026-05-05 04:52:09'),
(24, 6, 6, 55000.00, NULL, 1, 0, '2026-05-04 12:06:20', '2026-05-04 12:06:20'),
(25, 6, 7, 65000.00, NULL, 1, 0, '2026-05-04 12:09:14', '2026-05-04 12:09:14'),
(26, 6, 7, 75000.00, NULL, 1, 0, '2026-05-04 12:10:41', '2026-05-04 12:10:41'),
(27, 6, 7, 78000.00, 'uploads/lummy/1777971288_834bc8fd7c854291bb2d.png', 1, 0, '2026-05-04 12:11:31', '2026-05-05 04:54:48'),
(28, 6, 8, 170000.00, NULL, 1, 0, '2026-05-04 12:13:42', '2026-05-04 12:13:42'),
(29, 6, 8, 178000.00, NULL, 1, 0, '2026-05-04 12:15:26', '2026-05-04 12:15:26'),
(30, 6, 8, 110000.00, NULL, 1, 0, '2026-05-04 12:16:29', '2026-05-04 12:16:29'),
(31, 6, 8, 120000.00, NULL, 1, 0, '2026-05-04 12:18:51', '2026-05-04 12:18:51'),
(32, 6, 9, 92000.00, 'uploads/lummy/1777971974_fa8c247d333eea174c3b.png', 1, 0, '2026-05-04 12:20:43', '2026-05-05 05:06:14'),
(33, 6, 9, 85000.00, 'uploads/lummy/1777971386_f3c48d4b3bd13bb1b145.png', 1, 0, '2026-05-04 12:21:30', '2026-05-05 04:56:26'),
(34, 6, 9, 95000.00, 'uploads/lummy/1777963255_10392e47cb0872d2d0dd.jpg', 1, 0, '2026-05-04 12:23:13', '2026-05-05 02:40:55'),
(35, 6, 9, 135000.00, 'uploads/lummy/1777963290_f99df362296943c6cce8.jpg', 1, 0, '2026-05-04 12:24:16', '2026-05-05 02:41:30'),
(36, 6, 9, 96000.00, 'uploads/lummy/1777963306_009cfdd8c75d3671d4b0.jpg', 1, 0, '2026-05-04 12:25:04', '2026-05-05 02:41:46'),
(37, 6, 9, 99000.00, 'uploads/lummy/1777971316_4f6248e1788623951e2f.png', 1, 0, '2026-05-04 12:26:02', '2026-05-05 04:55:16'),
(38, 6, 10, 85000.00, 'uploads/lummy/1777971174_1fe56b07d5af9e46e7c9.png', 1, 0, '2026-05-04 12:30:59', '2026-05-05 04:52:54'),
(39, 6, 10, 110000.00, 'uploads/lummy/1777971192_f8f70b103d90384bbbdd.png', 1, 0, '2026-05-04 12:31:38', '2026-05-05 04:53:12'),
(40, 6, 10, 75000.00, 'uploads/lummy/1777963409_a213f60192b6c8a86663.jpg', 1, 0, '2026-05-04 12:33:09', '2026-05-05 02:43:29'),
(41, 6, 11, 72000.00, 'uploads/lummy/1777963519_c0db3fcef81cb70345d6.jpg', 1, 0, '2026-05-04 12:34:05', '2026-05-05 02:45:19'),
(42, 6, 11, 65000.00, 'uploads/lummy/1777963445_276f57191811c4cfa969.png', 1, 0, '2026-05-04 12:34:25', '2026-05-05 02:44:05'),
(43, 6, 11, 95000.00, 'uploads/lummy/1777963459_8030c4be6236fab8dc58.png', 1, 0, '2026-05-04 12:34:50', '2026-05-05 02:44:19'),
(44, 6, 11, 75000.00, NULL, 1, 0, '2026-05-04 12:35:16', '2026-05-04 12:35:16'),
(45, 6, 11, 64000.00, NULL, 1, 0, '2026-05-04 12:35:44', '2026-05-04 12:35:44'),
(46, 6, 12, 45000.00, NULL, 1, 0, '2026-05-04 12:36:19', '2026-05-04 12:36:19'),
(47, 6, 12, 50000.00, NULL, 1, 0, '2026-05-04 12:36:43', '2026-05-04 12:36:43'),
(48, 6, 12, 62000.00, 'uploads/lummy/1777971273_bb1e438a1eb0a569d58c.png', 1, 0, '2026-05-04 12:37:28', '2026-05-05 04:54:33'),
(49, 6, 12, 52000.00, NULL, 1, 0, '2026-05-04 12:38:04', '2026-05-04 12:38:04'),
(50, 6, 12, 65000.00, NULL, 1, 0, '2026-05-04 12:38:35', '2026-05-04 12:38:35'),
(51, 6, 12, 80000.00, NULL, 1, 0, '2026-05-04 12:39:04', '2026-05-04 12:39:04'),
(52, 6, 13, 65000.00, 'uploads/lummy/1777971484_d119947b93184edb5d69.png', 1, 0, '2026-05-04 12:39:53', '2026-05-05 04:58:04'),
(53, 6, 13, 48000.00, 'uploads/lummy/1777971466_c4662d5855ae82d0eb40.png', 1, 0, '2026-05-04 12:40:27', '2026-05-05 04:57:46'),
(54, 6, 13, 42000.00, NULL, 1, 0, '2026-05-04 12:41:45', '2026-05-04 12:41:45'),
(55, 6, 13, 68000.00, 'uploads/lummy/1777963956_eebd290fdbead0330db9.jpg', 1, 0, '2026-05-04 12:42:17', '2026-05-05 02:52:36'),
(56, 6, 13, 67000.00, 'uploads/lummy/1777971426_6c8f3f0c384e5d02dbcb.png', 1, 0, '2026-05-04 12:42:41', '2026-05-05 04:57:06'),
(57, 6, 13, 50000.00, 'uploads/lummy/1777963666_ce0d34cffbfa0941cc41.png', 1, 0, '2026-05-04 12:44:04', '2026-05-05 02:47:46'),
(58, 6, 13, 45000.00, 'uploads/lummy/1777971544_7680e3e88d509e36a8a1.png', 1, 0, '2026-05-04 12:44:29', '2026-05-05 04:59:04'),
(59, 6, 13, 52000.00, 'uploads/lummy/1777963819_cea4505ee65d374da143.webp', 1, 0, '2026-05-04 12:44:56', '2026-05-05 02:50:19'),
(60, 6, 13, 48000.00, 'uploads/lummy/1777963868_7c4f2eba531f40704502.jpg', 1, 0, '2026-05-04 12:45:25', '2026-05-05 02:51:08'),
(61, 6, 13, 65000.00, 'uploads/lummy/1777971520_d2e0545e504392c5d298.png', 1, 0, '2026-05-04 12:46:18', '2026-05-05 04:58:40'),
(62, 6, 14, 8000.00, 'uploads/lummy/1777955670_949b840cedbc5b919155.jpg', 1, 0, '2026-05-05 00:34:30', '2026-05-05 00:34:30'),
(63, 6, 14, 45000.00, NULL, 1, 0, '2026-05-05 00:35:33', '2026-05-05 00:35:33'),
(64, 6, 14, 20000.00, 'uploads/lummy/1777979953_0b302637ae074922d204.webp', 1, 0, '2026-05-05 00:36:19', '2026-05-05 07:19:13'),
(65, 6, 14, 20000.00, NULL, 1, 0, '2026-05-05 00:36:58', '2026-05-05 00:36:58'),
(66, 6, 14, 35000.00, NULL, 1, 0, '2026-05-05 00:37:43', '2026-05-05 00:37:43'),
(67, 6, 14, 45000.00, 'uploads/lummy/1777979979_46cb712c4c327b3597bc.webp', 1, 0, '2026-05-05 00:39:28', '2026-05-05 07:19:39'),
(68, 6, 14, 45000.00, 'uploads/lummy/1777956176_c18b6a6741eb98117e8a.webp', 1, 0, '2026-05-05 00:42:56', '2026-05-05 00:42:56'),
(69, 6, 14, 45000.00, 'uploads/lummy/1777956225_c4ff4befd3ece2d8b2ff.webp', 1, 0, '2026-05-05 00:43:45', '2026-05-05 01:10:28'),
(71, 6, 14, 45000.00, 'uploads/lummy/1777956387_19f825cc1847dcc94e8e.webp', 1, 0, '2026-05-05 00:46:27', '2026-05-05 00:46:27'),
(72, 6, 14, 30000.00, 'uploads/lummy/1777956485_12bc863b9b872d91c92d.webp', 1, 0, '2026-05-05 00:48:05', '2026-05-05 00:48:05'),
(74, 6, 15, 45000.00, 'uploads/lummy/1777956671_d3cc0da4a461c109424b.jpg', 1, 0, '2026-05-05 00:51:11', '2026-05-05 00:51:11'),
(75, 6, 15, 50000.00, 'uploads/lummy/1777956947_6fb13baa300b3795199c.png', 1, 0, '2026-05-05 00:55:47', '2026-05-05 00:55:47'),
(76, 6, 15, 45000.00, 'uploads/lummy/1777957024_3139da54064c17ef79fe.png', 1, 0, '2026-05-05 00:57:04', '2026-05-05 00:57:04'),
(78, 6, 15, 40000.00, 'uploads/lummy/1777957159_383c4eb75f3fc06ba1b1.png', 1, 0, '2026-05-05 00:59:19', '2026-05-05 00:59:19'),
(81, 6, 15, 40000.00, 'uploads/lummy/1777957313_ff2b455638968916bc58.png', 1, 0, '2026-05-05 01:01:53', '2026-05-05 01:01:53'),
(82, 6, 15, 40000.00, 'uploads/lummy/1777996281_2447f4cb14a1fcee2222.jpg', 1, 0, '2026-05-05 01:03:58', '2026-05-05 11:51:21'),
(85, 6, 15, 40000.00, 'uploads/lummy/1777957810_6cdca75c836bcd8cbf35.png', 1, 0, '2026-05-05 01:10:10', '2026-05-05 01:10:51'),
(86, 6, 16, 55000.00, 'uploads/lummy/1777958477_6d1b7fe405cb83a79303.webp', 1, 0, '2026-05-05 01:21:17', '2026-05-05 01:21:17'),
(87, 6, 16, 55000.00, 'uploads/lummy/1777958527_928c726e6b07aff64ff3.webp', 1, 0, '2026-05-05 01:22:07', '2026-05-05 01:22:07'),
(88, 6, 16, 55000.00, 'uploads/lummy/1777958639_f66287a5d3e817a39022.webp', 1, 0, '2026-05-05 01:23:59', '2026-05-05 01:26:56'),
(89, 6, 16, 55000.00, 'uploads/lummy/1777958675_65f9c7035f479cf34fc4.webp', 1, 0, '2026-05-05 01:24:35', '2026-05-05 01:24:35'),
(90, 6, 16, 50000.00, 'uploads/lummy/1777958707_7f785a4588e5ebc613dd.webp', 1, 0, '2026-05-05 01:25:07', '2026-05-05 01:25:07'),
(92, 6, 17, 60000.00, 'uploads/lummy/1777959044_ee2c1c6aae35df8b8554.jpg', 1, 0, '2026-05-05 01:30:44', '2026-05-05 01:30:44'),
(93, 6, 17, 59999.97, 'uploads/lummy/1777959089_abe46ab10f19169eb2b3.jpg', 1, 0, '2026-05-05 01:31:29', '2026-05-05 01:31:29'),
(94, 6, 17, 50000.00, 'uploads/lummy/1777959138_f539c4b169ac99c36eff.jpg', 1, 0, '2026-05-05 01:32:06', '2026-05-05 01:32:30'),
(97, 6, 17, 45000.00, 'uploads/lummy/1777959336_eead3a6a678ca291e195.jpg', 1, 0, '2026-05-05 01:35:36', '2026-05-05 01:35:45'),
(98, 6, 18, 10000.00, 'uploads/lummy/1777959647_06d5126aa4ee1de23dba.png', 1, 0, '2026-05-05 01:40:47', '2026-05-05 01:40:47'),
(99, 6, 18, 10000.00, 'uploads/lummy/1777959689_e81254b9caf2ca7595ba.png', 1, 0, '2026-05-05 01:41:29', '2026-05-05 01:41:29'),
(100, 6, 18, 20000.00, 'uploads/lummy/1777959787_66bb1ac40fa03b0974ff.webp', 1, 0, '2026-05-05 01:43:07', '2026-05-05 01:43:07'),
(101, 6, 18, 20000.00, 'uploads/lummy/1777959863_dc52670a1a71ef9de4ae.webp', 1, 0, '2026-05-05 01:44:23', '2026-05-05 01:44:23'),
(102, 6, 18, 20000.00, 'uploads/lummy/1777959937_4b74db8d8e9977c31c35.jpg', 1, 0, '2026-05-05 01:45:37', '2026-05-05 01:45:37'),
(103, 6, 18, 30000.00, 'uploads/lummy/1777960024_48418f511c49d7cff7e4.jpg', 1, 0, '2026-05-05 01:47:04', '2026-05-05 01:47:04'),
(104, 6, 18, 18000.00, 'uploads/lummy/1777960120_d6fe800e21521b4aecf4.jpg', 1, 0, '2026-05-05 01:48:40', '2026-05-05 01:48:40'),
(105, 6, 19, 25000.00, 'uploads/lummy/1777960689_f98f3ca35544f4ed5915.jpg', 1, 0, '2026-05-05 01:58:09', '2026-05-05 01:58:09'),
(106, 6, 19, 30000.00, 'uploads/lummy/1777960812_d20a299fb81090e497bb.jpg', 1, 0, '2026-05-05 02:00:12', '2026-05-05 02:00:12'),
(107, 6, 19, 40000.00, 'uploads/lummy/1777960949_177c5864b6c9c9a7db13.jpg', 1, 0, '2026-05-05 02:02:29', '2026-05-05 02:02:29'),
(108, 6, 19, 27000.00, 'uploads/lummy/1777961025_137b522596a4d873799d.jpg', 1, 0, '2026-05-05 02:03:45', '2026-05-05 02:03:45'),
(109, 6, 19, 32000.00, 'uploads/lummy/1777961118_c15c35252e693f3b5783.jpg', 1, 0, '2026-05-05 02:05:18', '2026-05-05 02:05:18'),
(110, 6, 19, 25000.00, 'uploads/lummy/1777961178_c62f76f1715679a1498c.jpg', 1, 0, '2026-05-05 02:06:18', '2026-05-05 02:06:18'),
(111, 6, 19, 25000.00, 'uploads/lummy/1777961368_315d3923fd98a3f29047.jpg', 1, 0, '2026-05-05 02:09:28', '2026-05-05 02:09:28'),
(112, 6, 19, 30000.00, 'uploads/lummy/1777961421_427da6f4a61e92a9536f.jpg', 1, 0, '2026-05-05 02:10:21', '2026-05-05 02:10:21'),
(113, 6, 19, 40000.00, 'uploads/lummy/1777961479_a60ae7e65844e748abbc.jpg', 1, 0, '2026-05-05 02:11:19', '2026-05-05 02:11:19'),
(114, 6, 19, 29000.00, 'uploads/lummy/1777961717_2b61214d63eafee772c7.jpg', 1, 0, '2026-05-05 02:15:17', '2026-05-05 02:15:17'),
(115, 6, 19, 30000.00, 'uploads/lummy/1777961787_bf1443270834aa217af0.jpg', 1, 0, '2026-05-05 02:16:27', '2026-05-05 02:16:27'),
(116, 6, 19, 35000.00, 'uploads/lummy/1777961857_c03267c78812d176c5b4.jpg', 1, 0, '2026-05-05 02:17:37', '2026-05-05 02:17:37'),
(118, 6, 19, 35000.00, 'uploads/lummy/1777962083_f91ddca9ac010f291553.jpeg', 1, 0, '2026-05-05 02:21:23', '2026-05-05 02:21:23'),
(120, 6, 19, 50000.00, 'uploads/lummy/1777962318_51b5776c38c050bb4702.jpg', 1, 0, '2026-05-05 02:25:18', '2026-05-05 02:25:18'),
(121, 6, 19, 55000.00, 'uploads/lummy/1777962654_e4763510f35cd5f90386.webp', 1, 0, '2026-05-05 02:30:54', '2026-05-05 02:30:54'),
(122, 6, 19, 35000.00, 'uploads/lummy/1777962737_d855262cb436135df9b0.webp', 1, 0, '2026-05-05 02:32:17', '2026-05-05 02:32:17'),
(123, 6, 20, 30000.00, 'uploads/lummy/1777965179_c504b8102ce7ae4d3566.png', 1, 0, '2026-05-05 03:12:59', '2026-05-05 03:12:59'),
(124, 6, 20, 28000.00, 'uploads/lummy/1777965273_4e280f99a3c0a304bfee.png', 1, 0, '2026-05-05 03:14:33', '2026-05-05 03:14:41'),
(125, 6, 20, 25000.00, 'uploads/lummy/1777965374_0dce93bcd75946aa4d26.png', 1, 0, '2026-05-05 03:16:14', '2026-05-05 03:16:14'),
(126, 6, 20, 32000.00, 'uploads/lummy/1777965461_8e238f55b83e0145b9ac.png', 1, 0, '2026-05-05 03:17:41', '2026-05-05 03:17:41'),
(127, 6, 20, 22000.00, 'uploads/lummy/1777965553_f48704a4942a0df663d7.png', 1, 0, '2026-05-05 03:19:13', '2026-05-05 03:19:52'),
(128, 6, NULL, 45.00, NULL, 1, 0, '2026-05-19 08:02:26', '2026-05-19 08:02:26'),
(129, 6, NULL, 45.00, NULL, 1, 0, '2026-05-19 08:02:51', '2026-05-19 08:02:51'),
(130, 6, NULL, 45.00, NULL, 1, 0, '2026-05-19 08:03:13', '2026-05-19 08:03:13'),
(131, 6, NULL, 45.00, NULL, 1, 0, '2026-05-19 08:03:34', '2026-05-19 08:03:34'),
(132, 6, NULL, 45.00, NULL, 1, 0, '2026-05-19 08:03:59', '2026-05-19 08:03:59'),
(133, 6, 14, 45.00, NULL, 1, 0, '2026-05-19 08:05:09', '2026-05-19 08:05:09'),
(134, 6, 14, 45.00, NULL, 1, 0, '2026-05-19 08:05:52', '2026-05-19 08:05:52'),
(135, 6, 14, 45.00, NULL, 1, 0, '2026-05-19 08:06:19', '2026-05-19 08:06:19'),
(136, 6, 14, 45.00, NULL, 1, 0, '2026-05-19 08:06:40', '2026-05-19 08:06:40'),
(137, 6, 14, 45.00, NULL, 1, 0, '2026-05-19 08:07:01', '2026-05-19 08:07:01'),
(138, 6, 14, 45.00, NULL, 1, 0, '2026-05-19 08:07:27', '2026-05-19 08:07:27'),
(139, 6, 14, 45.00, NULL, 1, 0, '2026-05-19 08:08:14', '2026-05-19 08:08:14'),
(140, 6, 14, 45.00, NULL, 1, 0, '2026-05-19 08:08:35', '2026-05-19 08:08:35'),
(141, 6, 15, 45.00, NULL, 1, 0, '2026-05-19 08:09:12', '2026-05-19 08:09:12'),
(142, 6, 15, 45.00, NULL, 1, 0, '2026-05-19 08:09:35', '2026-05-19 08:09:35'),
(143, 6, 15, 45.00, NULL, 1, 0, '2026-05-19 08:09:55', '2026-05-19 08:09:55'),
(144, 6, 15, 45.00, NULL, 1, 0, '2026-05-19 08:10:21', '2026-05-19 08:10:21'),
(145, 6, NULL, 45.00, NULL, 1, 0, '2026-05-19 08:11:30', '2026-05-19 08:11:30'),
(146, 6, NULL, 45.00, NULL, 1, 0, '2026-05-19 08:12:05', '2026-05-19 08:12:05'),
(147, 6, NULL, 50.00, NULL, 1, 0, '2026-05-19 08:12:26', '2026-05-19 08:12:26'),
(148, 6, NULL, 45.00, NULL, 1, 0, '2026-05-19 08:17:14', '2026-05-19 08:17:14'),
(149, 6, NULL, 50.00, NULL, 1, 0, '2026-05-19 08:17:37', '2026-05-19 08:17:37'),
(150, 6, 19, 45.00, NULL, 1, 0, '2026-05-19 08:18:13', '2026-05-19 08:18:13'),
(151, 6, 19, 50.00, NULL, 1, 0, '2026-05-19 08:18:47', '2026-05-19 08:18:47'),
(152, 6, 19, 45.00, NULL, 1, 0, '2026-05-19 08:19:48', '2026-05-19 08:19:48'),
(153, 6, 21, 50.00, NULL, 1, 0, '2026-05-19 08:25:31', '2026-05-19 08:25:31'),
(154, 6, 21, 55.00, NULL, 1, 0, '2026-05-19 08:26:13', '2026-05-19 08:26:13'),
(155, 6, 21, 50.00, NULL, 1, 0, '2026-05-19 08:26:47', '2026-05-19 08:26:47'),
(156, 6, 22, 45.00, NULL, 1, 0, '2026-05-19 08:27:24', '2026-05-19 08:27:24'),
(157, 6, 22, 50.00, NULL, 1, 0, '2026-05-19 08:27:53', '2026-05-19 08:27:53'),
(158, 6, 22, 50.00, NULL, 1, 0, '2026-05-19 08:27:53', '2026-05-19 08:27:53'),
(159, 6, 22, 45.00, NULL, 1, 0, '2026-05-19 08:28:12', '2026-05-19 08:28:12'),
(160, 6, 22, 50.00, NULL, 1, 0, '2026-05-19 08:28:44', '2026-05-19 08:28:44'),
(161, 6, 22, 50.00, NULL, 1, 0, '2026-05-19 08:29:00', '2026-05-19 08:29:00'),
(162, 2, NULL, 99000.00, 'uploads/daryo/1780400806_aa2093f64f0969c6001e.jpeg', 1, 0, '2026-06-02 07:46:46', '2026-06-02 07:46:46');

-- --------------------------------------------------------

--
-- Table structure for table `menu_item_translations`
--

CREATE TABLE `menu_item_translations` (
  `id` bigint(20) UNSIGNED NOT NULL,
  `menu_item_id` bigint(20) UNSIGNED NOT NULL,
  `language_code` varchar(10) NOT NULL,
  `name` varchar(150) NOT NULL,
  `description` text DEFAULT NULL,
  `created_at` datetime NOT NULL DEFAULT current_timestamp(),
  `updated_at` datetime NOT NULL DEFAULT current_timestamp() ON UPDATE current_timestamp()
) ENGINE=InnoDB DEFAULT CHARSET=utf8mb4 COLLATE=utf8mb4_unicode_ci;

--
-- Dumping data for table `menu_item_translations`
--

INSERT INTO `menu_item_translations` (`id`, `menu_item_id`, `language_code`, `name`, `description`, `created_at`, `updated_at`) VALUES
(23, 5, 'en', 'dsds', NULL, '2026-05-02 00:49:00', '2026-05-02 00:49:00'),
(33, 3, 'en', 'Coca cola', 'Black water', '2026-05-03 00:17:27', '2026-05-03 00:17:27'),
(34, 3, 'uz', 'Kola ichimligi', 'Qora suv', '2026-05-03 00:17:27', '2026-05-03 00:17:27'),
(37, 2, 'en', 'Plov', 'Amazing plov with rice', '2026-05-03 04:57:17', '2026-05-03 04:57:17'),
(38, 7, 'en', 'Beef burger', 'Wonderful burger', '2026-05-03 05:08:57', '2026-05-03 05:08:57'),
(39, 7, 'uz', 'Burger go\'shtli', NULL, '2026-05-03 05:08:57', '2026-05-03 05:08:57'),
(55, 13, 'ru', 'Каджун', 'хрустящая курица со специями сajun и картофель фри', '2026-05-04 11:42:38', '2026-05-04 11:42:38'),
(56, 13, 'tr', 'Cajun basket', 'Çıtır cajun baharatlı tavuk ve patates kızartması', '2026-05-04 11:42:38', '2026-05-04 11:42:38'),
(57, 13, 'uz', 'Kajun savati', 'Cajun ziravorlari va kartoshka fri bilan qarsildoq tovuq', '2026-05-04 11:42:38', '2026-05-04 11:42:38'),
(58, 14, 'ru', 'Lummy чипсы', 'хрустящие свежие чипсы', '2026-05-04 11:44:30', '2026-05-04 11:44:30'),
(59, 14, 'tr', 'Lummy Cips', 'El yapımı taze patates cipsi', '2026-05-04 11:44:30', '2026-05-04 11:44:30'),
(60, 14, 'uz', 'Lummy chipslari', 'qarsildoq yangi chiplar', '2026-05-04 11:44:30', '2026-05-04 11:44:30'),
(61, 15, 'ru', 'Комбо корзина', 'курица cajun, хрустящие куриные сосиски и хрустящие чипсы', '2026-05-04 11:47:00', '2026-05-04 11:47:00'),
(62, 15, 'tr', 'Combo basket', 'cajun baharatlı çıtır tavuk, sosis ve Lummy cips', '2026-05-04 11:47:00', '2026-05-04 11:47:00'),
(63, 15, 'uz', 'Kombo savat', 'Kajun tovuqi, qarsildoq tovuq kolbasalari va lummy chipslar', '2026-05-04 11:47:00', '2026-05-04 11:47:00'),
(64, 16, 'ru', 'Куриный шницель', 'курица в панировке со специями и картофель фри', '2026-05-04 11:48:23', '2026-05-04 11:48:23'),
(65, 16, 'tr', 'Tavuk Schnitzel', 'Özel baharatlı kızarmış tavuk ve patates kızartması', '2026-05-04 11:48:23', '2026-05-04 11:48:23'),
(66, 16, 'uz', 'Tovuq shnitsel', 'Ziravorlar va frantsuz kartoshkalari bilan pishirilgan tovuq', '2026-05-04 11:48:23', '2026-05-04 11:48:23'),
(67, 17, 'ru', 'Говяжий шницель', 'обжаренная говядина в панировке со специями, подается с картофелем фри', '2026-05-04 11:50:14', '2026-05-04 11:50:14'),
(68, 17, 'tr', 'Et Schnitzel', 'Özel baharatlı kızarmış dana eti ve patates kızartması', '2026-05-04 11:50:14', '2026-05-04 11:50:14'),
(69, 17, 'uz', 'Mol go\'shti shnitsel', 'Ziravorlar bilan qovurilgan mol go\'shti, kartoshka fri bilan tortiladi', '2026-05-04 11:50:14', '2026-05-04 11:50:14'),
(70, 18, 'ru', 'Классический бургер', 'фирменная говяжья котлета, соленые огурцы, салат, помидоры и lummy соус', '2026-05-04 11:52:08', '2026-05-04 11:52:08'),
(71, 18, 'tr', 'Classic Burger', 'Özel burger köftesi, turşu, marul, domates ve Lummy sos ile', '2026-05-04 11:52:08', '2026-05-04 11:52:08'),
(72, 18, 'uz', 'Klassik burger', 'Maxsus mol go\'shti kotleti, tuzlangan bodring, salat bargi, pomidor va lummi sousi', '2026-05-04 11:52:08', '2026-05-04 11:52:08'),
(73, 19, 'ru', 'Чизбургер', 'фирменная говяжья котлета, сыр чеддер, помидоры, салат, соленые огурцы', '2026-05-04 11:53:38', '2026-05-04 11:53:38'),
(74, 19, 'tr', 'Cheeseburger', 'Özel burger köftesi, cheddar peyniri, domates, marul, turşu ve patates kızartması', '2026-05-04 11:53:38', '2026-05-04 11:53:38'),
(75, 19, 'uz', 'Chizburger', 'Maxsus mol go\'shti kotleti, cheddar pishloq, pomidor, salat bargi, tuzlangan bodring', '2026-05-04 11:53:38', '2026-05-04 11:53:38'),
(76, 20, 'ru', 'Американский бургер', 'фирменная говяжья котлета, говяжий бекон, глазунья, помидоры, салат,\r\nсоленые огурцы и lummy соус', '2026-05-04 12:00:16', '2026-05-04 12:00:16'),
(77, 20, 'tr', 'American Burger', 'Özel burger köftesi, dana bacon, göz yumurta, domates, marul, turşu ve Lummy sos', '2026-05-04 12:00:16', '2026-05-04 12:00:16'),
(78, 20, 'uz', 'Amerika burgeri', 'Maxsus mol go\'shti kotleti, mol go\'shti bekoni, qovurilgan tuxum, pomidor, salat bargi, tuzlangan bodring va lummi sousi', '2026-05-04 12:00:16', '2026-05-04 12:00:16'),
(88, 24, 'ru', 'Куриный бургер', 'хрустящая курица, помидоры, салат, соленые огурцы и lummy соус', '2026-05-04 12:06:20', '2026-05-04 12:06:20'),
(89, 24, 'tr', 'Çıtır Burger', 'Tavuk, domates, marul, tursu ve lummy sos', '2026-05-04 12:06:20', '2026-05-04 12:06:20'),
(90, 24, 'uz', 'Tovuqli Burger', 'Qarsildoq tovuq, pomidor, salat bargi, tuzlangan bodring va lummi sousi', '2026-05-04 12:06:20', '2026-05-04 12:06:20'),
(91, 25, 'ru', 'Курица на гриле', 'курица приготовленная со специями, подается с салатом и\r\nкартофелем фри', '2026-05-04 12:09:14', '2026-05-04 12:09:14'),
(92, 25, 'tr', 'Izgara Tavuk', 'Özel baharatlarla hazırlanmış tavuk, salata ve patates kızartması', '2026-05-04 12:09:14', '2026-05-04 12:09:14'),
(93, 25, 'uz', 'Gril tovuq', 'Ziravorlar bilan pishirilgan tovuq, salat va kartoshka fri bilan tortiladi', '2026-05-04 12:09:14', '2026-05-04 12:09:14'),
(94, 26, 'ru', 'Курица в соусе карри', 'курица с овощами в сливочном-карри соусе, подается с салатом и картофелем фри', '2026-05-04 12:10:41', '2026-05-04 12:10:41'),
(95, 26, 'tr', 'Köri Soslu Tavuk', 'Köri baharatı ve krema ile lezzetlendirilmiş sebzeli tavuk, salata ve patates kızartması', '2026-05-04 12:10:41', '2026-05-04 12:10:41'),
(96, 26, 'uz', 'Karri sousidagi tovuq', 'qaymoqli karri sousidagi sabzavotli tovuq go\'shti, salat va kartoshka fri bilan tortiladi', '2026-05-04 12:10:41', '2026-05-04 12:10:41'),
(100, 28, 'ru', 'Бараньи ребрышки', 'бараньи ребрышки со специями,подаются с отварными овощами,\r\nперцем и помидорами на гриле', '2026-05-04 12:13:42', '2026-05-04 12:13:42'),
(101, 28, 'tr', 'Kuzu Pirzola', 'kuzu pirzola, baharatla lezzetlendirilmiş haşlanmış sebzeler ve ızgara biber, domates', '2026-05-04 12:13:42', '2026-05-04 12:13:42'),
(102, 28, 'uz', 'Qo\'y qovurg\'alari', 'Ziravorlangan qo\'y qovurg\'alari, qaynatilgan sabzavotlar, qalampir va panjara qilingan pomidor bilan tortiladi', '2026-05-04 12:13:42', '2026-05-04 12:13:42'),
(103, 29, 'ru', 'Говяжий антрекот', 'говядина на гриле, приплавленная специями, с овощами и\r\nфирменным соусом', '2026-05-04 12:15:26', '2026-05-04 12:15:26'),
(104, 29, 'tr', 'Dana Antrikot', 'Izgara dana kemiksiz pirzolası baharatla lezzetlendirilmiş sebze ve özel sos ile', '2026-05-04 12:15:26', '2026-05-04 12:15:26'),
(105, 29, 'uz', 'Mol go\'shti antrikoti', 'Ziravorlar, sabzavotlar va maxsus sous bilan ziravorlangan va o\'choqda pishgan mol go\'shti', '2026-05-04 12:15:26', '2026-05-04 12:15:26'),
(106, 30, 'ru', 'Котлеты на гриле', 'говяжьи котлеты на гриле, картофельное пюре, перец и помидоры\r\nна гриле', '2026-05-04 12:16:29', '2026-05-04 12:16:29'),
(107, 30, 'tr', 'Izgara Köfte', 'Izgara köfte patates püresi ve ızgara biber domates', '2026-05-04 12:16:29', '2026-05-04 12:16:29'),
(108, 30, 'uz', 'O\'choqda pishgan kotletlar', 'Grilda pishirilgan mol go\'shti kotletlari, kartoshka pyuresi, qalampir va pomidorlar', '2026-05-04 12:16:29', '2026-05-04 12:16:29'),
(109, 31, 'ru', 'Rony special - говядина', 'говядина с овощами в сливочном соусе, подается с картофельным\r\nпюре и салатом', '2026-05-04 12:18:51', '2026-05-04 12:18:51'),
(110, 31, 'tr', 'Rony special - sığır eti', 'Kremalı sebzeli et sote yanına patates püresi ve salata ile', '2026-05-04 12:18:51', '2026-05-04 12:18:51'),
(111, 31, 'uz', 'Rony - maxsus mol go\'shti', 'Mol go\'shti sabzavotlar bilan qaymoqli sousda, kartoshka pyuresi va salat bilan tortiladi', '2026-05-04 12:18:51', '2026-05-04 12:18:51'),
(151, 44, 'ru', 'Сарья Сорренто', NULL, '2026-05-04 12:35:16', '2026-05-04 12:35:16'),
(152, 44, 'tr', 'Sarya Sorento', NULL, '2026-05-04 12:35:16', '2026-05-04 12:35:16'),
(153, 44, 'uz', 'Sarya Sorento', NULL, '2026-05-04 12:35:16', '2026-05-04 12:35:16'),
(154, 45, 'ru', 'Спагетти Наполитан', NULL, '2026-05-04 12:35:44', '2026-05-04 12:35:44'),
(155, 45, 'tr', 'Spaghetti Napolitan', NULL, '2026-05-04 12:35:44', '2026-05-04 12:35:44'),
(156, 45, 'uz', 'Spagetti Napolitan', NULL, '2026-05-04 12:35:44', '2026-05-04 12:35:44'),
(157, 46, 'ru', 'Средиземноморский салат', NULL, '2026-05-04 12:36:19', '2026-05-04 12:36:19'),
(158, 46, 'tr', 'Akdeniz Salata', NULL, '2026-05-04 12:36:19', '2026-05-04 12:36:19'),
(159, 46, 'uz', 'O\'rta yer dengizi salati', NULL, '2026-05-04 12:36:19', '2026-05-04 12:36:19'),
(160, 47, 'ru', 'Чобан салат', NULL, '2026-05-04 12:36:43', '2026-05-04 12:36:43'),
(161, 47, 'tr', 'Çoban Salata', NULL, '2026-05-04 12:36:43', '2026-05-04 12:36:43'),
(162, 47, 'uz', 'Chobon Salat', NULL, '2026-05-04 12:36:43', '2026-05-04 12:36:43'),
(166, 49, 'ru', 'Салат с рукколой', NULL, '2026-05-04 12:38:04', '2026-05-04 12:38:04'),
(167, 49, 'tr', 'Roka Salatası', NULL, '2026-05-04 12:38:04', '2026-05-04 12:38:04'),
(168, 49, 'uz', 'Roka Salati', NULL, '2026-05-04 12:38:04', '2026-05-04 12:38:04'),
(169, 50, 'ru', 'Цезарь', NULL, '2026-05-04 12:38:35', '2026-05-04 12:38:35'),
(170, 50, 'tr', 'Sezar Salata', NULL, '2026-05-04 12:38:35', '2026-05-04 12:38:35'),
(171, 50, 'uz', 'Sezar Salati', NULL, '2026-05-04 12:38:35', '2026-05-04 12:38:35'),
(172, 51, 'ru', 'Салат Стерк', NULL, '2026-05-04 12:39:04', '2026-05-04 12:39:04'),
(173, 51, 'tr', 'Sterk Salata', NULL, '2026-05-04 12:39:04', '2026-05-04 12:39:04'),
(174, 51, 'uz', 'Sterk Salati', NULL, '2026-05-04 12:39:04', '2026-05-04 12:39:04'),
(181, 54, 'ru', 'Яблочный десерт', NULL, '2026-05-04 12:41:45', '2026-05-04 12:41:45'),
(182, 54, 'tr', 'Elma Salatası', NULL, '2026-05-04 12:41:45', '2026-05-04 12:41:45'),
(183, 54, 'uz', 'Olmali Salat', NULL, '2026-05-04 12:41:45', '2026-05-04 12:41:45'),
(208, 62, 'ru', 'Турецкий чай', NULL, '2026-05-05 00:34:30', '2026-05-05 00:34:30'),
(209, 62, 'tr', 'Türk çayı', NULL, '2026-05-05 00:34:30', '2026-05-05 00:34:30'),
(210, 62, 'uz', 'Turk choyi', NULL, '2026-05-05 00:34:30', '2026-05-05 00:34:30'),
(211, 63, 'ru', 'Ягодный чай', NULL, '2026-05-05 00:35:33', '2026-05-05 00:35:33'),
(212, 63, 'tr', 'Meyve çayı', NULL, '2026-05-05 00:35:33', '2026-05-05 00:35:33'),
(213, 63, 'uz', 'Mevali choy', NULL, '2026-05-05 00:35:33', '2026-05-05 00:35:33'),
(217, 65, 'ru', 'Чай Сенча', NULL, '2026-05-05 00:36:58', '2026-05-05 00:36:58'),
(218, 65, 'tr', 'Sencha çayı', NULL, '2026-05-05 00:36:58', '2026-05-05 00:36:58'),
(219, 65, 'uz', 'Sencha choyi', NULL, '2026-05-05 00:36:58', '2026-05-05 00:36:58'),
(220, 66, 'ru', 'Молочный улун', NULL, '2026-05-05 00:37:43', '2026-05-05 00:37:43'),
(221, 66, 'tr', 'Sütlü Oolong', NULL, '2026-05-05 00:37:43', '2026-05-05 00:37:43'),
(222, 66, 'uz', 'Sutli Oolong', NULL, '2026-05-05 00:37:43', '2026-05-05 00:37:43'),
(226, 68, 'ru', 'Облепиховый', NULL, '2026-05-05 00:42:56', '2026-05-05 00:42:56'),
(227, 68, 'tr', 'Deniz topalak', NULL, '2026-05-05 00:42:56', '2026-05-05 00:42:56'),
(228, 68, 'uz', 'Dengiz itshumurti', NULL, '2026-05-05 00:42:56', '2026-05-05 00:42:56'),
(235, 71, 'ru', 'Алоэ клубника лайм', NULL, '2026-05-05 00:46:27', '2026-05-05 00:46:27'),
(236, 71, 'tr', 'Aloe Vera Çilek Limon', NULL, '2026-05-05 00:46:27', '2026-05-05 00:46:27'),
(237, 71, 'uz', 'Aloe qulupnayli laym', NULL, '2026-05-05 00:46:27', '2026-05-05 00:46:27'),
(238, 72, 'ru', 'Жасмин', NULL, '2026-05-05 00:48:05', '2026-05-05 00:48:05'),
(239, 72, 'tr', 'Yasemin', NULL, '2026-05-05 00:48:05', '2026-05-05 00:48:05'),
(240, 72, 'uz', 'Jasmin', NULL, '2026-05-05 00:48:05', '2026-05-05 00:48:05'),
(244, 74, 'ru', 'Мохито классик', NULL, '2026-05-05 00:51:11', '2026-05-05 00:51:11'),
(245, 74, 'tr', 'Klasik Mojito', NULL, '2026-05-05 00:51:11', '2026-05-05 00:51:11'),
(246, 74, 'uz', 'Klassik Mojito', NULL, '2026-05-05 00:51:11', '2026-05-05 00:51:11'),
(247, 75, 'ru', 'Мохито клубника', NULL, '2026-05-05 00:55:47', '2026-05-05 00:55:47'),
(248, 75, 'tr', 'Çilekli mojito', NULL, '2026-05-05 00:55:47', '2026-05-05 00:55:47'),
(249, 75, 'uz', 'Qulupnayli mohito', NULL, '2026-05-05 00:55:47', '2026-05-05 00:55:47'),
(250, 76, 'ru', 'Манго маракуйя', NULL, '2026-05-05 00:57:04', '2026-05-05 00:57:04'),
(251, 76, 'tr', 'Mango çarkıfelek meyvesi', NULL, '2026-05-05 00:57:04', '2026-05-05 00:57:04'),
(252, 76, 'uz', 'Mango ehtiros mevasi', NULL, '2026-05-05 00:57:04', '2026-05-05 00:57:04'),
(256, 78, 'ru', 'Красный апельсин', NULL, '2026-05-05 00:59:19', '2026-05-05 00:59:19'),
(257, 78, 'tr', 'Kırmızı portakalı', NULL, '2026-05-05 00:59:19', '2026-05-05 00:59:19'),
(258, 78, 'uz', 'Qizil apelsin', NULL, '2026-05-05 00:59:19', '2026-05-05 00:59:19'),
(265, 81, 'ru', 'Ягодный', NULL, '2026-05-05 01:01:53', '2026-05-05 01:01:53'),
(266, 81, 'tr', 'Çilek', NULL, '2026-05-05 01:01:53', '2026-05-05 01:01:53'),
(267, 81, 'uz', 'Mevali', NULL, '2026-05-05 01:01:53', '2026-05-05 01:01:53'),
(283, 69, 'ru', 'Клюквенный', NULL, '2026-05-05 01:10:28', '2026-05-05 01:10:28'),
(284, 69, 'tr', 'Kızılcık', NULL, '2026-05-05 01:10:28', '2026-05-05 01:10:28'),
(285, 69, 'uz', 'Klyukva', NULL, '2026-05-05 01:10:28', '2026-05-05 01:10:28'),
(289, 85, 'ru', 'Клубника', NULL, '2026-05-05 01:10:51', '2026-05-05 01:10:51'),
(290, 85, 'tr', 'Çilek', NULL, '2026-05-05 01:10:51', '2026-05-05 01:10:51'),
(291, 85, 'uz', 'Qulupnay', NULL, '2026-05-05 01:10:51', '2026-05-05 01:10:51'),
(292, 86, 'ru', 'Шоколадный', NULL, '2026-05-05 01:21:17', '2026-05-05 01:21:17'),
(293, 86, 'tr', 'Çikolatali', NULL, '2026-05-05 01:21:17', '2026-05-05 01:21:17'),
(294, 86, 'uz', 'Shokoladli', NULL, '2026-05-05 01:21:17', '2026-05-05 01:21:17'),
(295, 87, 'ru', 'Молочный банан', NULL, '2026-05-05 01:22:07', '2026-05-05 01:22:07'),
(296, 87, 'tr', 'Sütlü muz', NULL, '2026-05-05 01:22:07', '2026-05-05 01:22:07'),
(297, 87, 'uz', 'Sutli banan', NULL, '2026-05-05 01:22:07', '2026-05-05 01:22:07'),
(301, 89, 'ru', 'Орео', NULL, '2026-05-05 01:24:35', '2026-05-05 01:24:35'),
(302, 89, 'tr', 'Oreo', NULL, '2026-05-05 01:24:35', '2026-05-05 01:24:35'),
(303, 89, 'uz', 'Oreo', NULL, '2026-05-05 01:24:35', '2026-05-05 01:24:35'),
(304, 90, 'ru', 'Атом', NULL, '2026-05-05 01:25:07', '2026-05-05 01:25:07'),
(305, 90, 'tr', 'Atom', NULL, '2026-05-05 01:25:07', '2026-05-05 01:25:07'),
(306, 90, 'uz', 'Atom', NULL, '2026-05-05 01:25:07', '2026-05-05 01:25:07'),
(310, 88, 'ru', 'Клубничный', NULL, '2026-05-05 01:26:56', '2026-05-05 01:26:56'),
(311, 88, 'tr', 'Çilekli', NULL, '2026-05-05 01:26:56', '2026-05-05 01:26:56'),
(312, 88, 'uz', 'Qulupnayli', NULL, '2026-05-05 01:26:56', '2026-05-05 01:26:56'),
(313, 92, 'ru', 'Апельсиновый', NULL, '2026-05-05 01:30:44', '2026-05-05 01:30:44'),
(314, 92, 'tr', 'Turuncu', NULL, '2026-05-05 01:30:44', '2026-05-05 01:30:44'),
(315, 92, 'uz', 'Apelsinli', NULL, '2026-05-05 01:30:44', '2026-05-05 01:30:44'),
(316, 93, 'ru', 'Грейпфрут', NULL, '2026-05-05 01:31:29', '2026-05-05 01:31:29'),
(317, 93, 'tr', 'Greyfurt', NULL, '2026-05-05 01:31:29', '2026-05-05 01:31:29'),
(318, 93, 'uz', 'Greypfurt', NULL, '2026-05-05 01:31:29', '2026-05-05 01:31:29'),
(325, 94, 'ru', 'Яблочный', NULL, '2026-05-05 01:32:30', '2026-05-05 01:32:30'),
(326, 94, 'tr', 'Elma suyu', NULL, '2026-05-05 01:32:30', '2026-05-05 01:32:30'),
(327, 94, 'uz', 'Olmali sharbat', NULL, '2026-05-05 01:32:30', '2026-05-05 01:32:30'),
(337, 97, 'ru', 'Морковь + Яблоко', NULL, '2026-05-05 01:35:45', '2026-05-05 01:35:45'),
(338, 97, 'tr', 'Havuç + Elma', NULL, '2026-05-05 01:35:45', '2026-05-05 01:35:45'),
(339, 97, 'uz', 'Sabzi + olma', NULL, '2026-05-05 01:35:45', '2026-05-05 01:35:45'),
(340, 98, 'ru', 'Минеральная вода', NULL, '2026-05-05 01:40:47', '2026-05-05 01:40:47'),
(341, 98, 'tr', 'Maden suyu', NULL, '2026-05-05 01:40:47', '2026-05-05 01:40:47'),
(342, 98, 'uz', 'Mineral suv', NULL, '2026-05-05 01:40:47', '2026-05-05 01:40:47'),
(343, 99, 'ru', 'Питьевая вода', NULL, '2026-05-05 01:41:29', '2026-05-05 01:41:29'),
(344, 99, 'tr', 'İçme suyu', NULL, '2026-05-05 01:41:29', '2026-05-05 01:41:29'),
(345, 99, 'uz', 'Ichimlik suvi', NULL, '2026-05-05 01:41:29', '2026-05-05 01:41:29'),
(346, 100, 'ru', 'Фанта 250 мл', NULL, '2026-05-05 01:43:07', '2026-05-05 01:43:07'),
(347, 100, 'tr', 'Fanta 250 ml', NULL, '2026-05-05 01:43:07', '2026-05-05 01:43:07'),
(348, 100, 'uz', 'Fanta 250 ml', NULL, '2026-05-05 01:43:07', '2026-05-05 01:43:07'),
(349, 101, 'ru', 'Кола 250мл', NULL, '2026-05-05 01:44:23', '2026-05-05 01:44:23'),
(350, 101, 'tr', 'Kola 250 ml', NULL, '2026-05-05 01:44:23', '2026-05-05 01:44:23'),
(351, 101, 'uz', 'Kola 250 ml', NULL, '2026-05-05 01:44:23', '2026-05-05 01:44:23'),
(352, 102, 'ru', 'Спрайт 250 мл', NULL, '2026-05-05 01:45:37', '2026-05-05 01:45:37'),
(353, 102, 'tr', 'Sprite 250 ml', NULL, '2026-05-05 01:45:37', '2026-05-05 01:45:37'),
(354, 102, 'uz', 'Sprite 250 ml', NULL, '2026-05-05 01:45:37', '2026-05-05 01:45:37'),
(355, 103, 'ru', 'Соки в ассорти', NULL, '2026-05-05 01:47:04', '2026-05-05 01:47:04'),
(356, 103, 'tr', 'Çeşitli meyve suları', NULL, '2026-05-05 01:47:04', '2026-05-05 01:47:04'),
(357, 103, 'uz', 'Turli xil sharbatlar', NULL, '2026-05-05 01:47:04', '2026-05-05 01:47:04'),
(358, 104, 'ru', 'Чай Фузе', NULL, '2026-05-05 01:48:40', '2026-05-05 01:48:40'),
(359, 104, 'tr', 'Fuse çayı', NULL, '2026-05-05 01:48:40', '2026-05-05 01:48:40'),
(360, 104, 'uz', 'Fuse choyi', NULL, '2026-05-05 01:48:40', '2026-05-05 01:48:40'),
(361, 105, 'ru', 'Капучино', 'маленький', '2026-05-05 01:58:09', '2026-05-05 01:58:09'),
(362, 105, 'tr', 'Cappuccino', 'küçük boy', '2026-05-05 01:58:09', '2026-05-05 01:58:09'),
(363, 105, 'uz', 'Kapuchino', 'kichik', '2026-05-05 01:58:09', '2026-05-05 01:58:09'),
(364, 106, 'ru', 'Капучино', 'средний', '2026-05-05 02:00:12', '2026-05-05 02:00:12'),
(365, 106, 'tr', 'Cappuccino', 'orta boy', '2026-05-05 02:00:12', '2026-05-05 02:00:12'),
(366, 106, 'uz', 'Kapuchino', 'o\'rtacha', '2026-05-05 02:00:12', '2026-05-05 02:00:12'),
(367, 107, 'ru', 'Капучино', 'большой', '2026-05-05 02:02:29', '2026-05-05 02:02:29'),
(368, 107, 'tr', 'Cappuccino', 'büyük boy', '2026-05-05 02:02:29', '2026-05-05 02:02:29'),
(369, 107, 'uz', 'Kapuchino', 'katta', '2026-05-05 02:02:29', '2026-05-05 02:02:29'),
(370, 108, 'ru', 'Американо', 'маленький', '2026-05-05 02:03:45', '2026-05-05 02:03:45'),
(371, 108, 'tr', 'Amerikano', 'küçük boy', '2026-05-05 02:03:45', '2026-05-05 02:03:45'),
(372, 108, 'uz', 'Amerikano', 'kichik', '2026-05-05 02:03:45', '2026-05-05 02:03:45'),
(373, 109, 'ru', 'Американо', 'средний', '2026-05-05 02:05:18', '2026-05-05 02:05:18'),
(374, 109, 'tr', 'Amerikano', 'orta boy', '2026-05-05 02:05:18', '2026-05-05 02:05:18'),
(375, 109, 'uz', 'Amerikano', 'o\'rtacha', '2026-05-05 02:05:18', '2026-05-05 02:05:18'),
(376, 110, 'ru', 'Эспрессо', 'маленький', '2026-05-05 02:06:18', '2026-05-05 02:06:18'),
(377, 110, 'tr', 'Espresso', 'küçük boy', '2026-05-05 02:06:18', '2026-05-05 02:06:18'),
(378, 110, 'uz', 'Espresso', 'kichik', '2026-05-05 02:06:18', '2026-05-05 02:06:18'),
(379, 111, 'ru', 'Латте', 'маленький', '2026-05-05 02:09:28', '2026-05-05 02:09:28'),
(380, 111, 'tr', 'Latte', 'küçük boy', '2026-05-05 02:09:28', '2026-05-05 02:09:28'),
(381, 111, 'uz', 'Latte', 'kichik', '2026-05-05 02:09:28', '2026-05-05 02:09:28'),
(382, 112, 'ru', 'Латте', 'средний', '2026-05-05 02:10:21', '2026-05-05 02:10:21'),
(383, 112, 'tr', 'Latte', 'orta boy', '2026-05-05 02:10:21', '2026-05-05 02:10:21'),
(384, 112, 'uz', 'Latte', 'o\'rtacha', '2026-05-05 02:10:21', '2026-05-05 02:10:21'),
(385, 113, 'ru', 'Латте', 'большой', '2026-05-05 02:11:19', '2026-05-05 02:11:19'),
(386, 113, 'tr', 'Latte', 'büyük boy', '2026-05-05 02:11:19', '2026-05-05 02:11:19'),
(387, 113, 'uz', 'Latte', 'katta', '2026-05-05 02:11:19', '2026-05-05 02:11:19'),
(391, 115, 'ru', 'Айс кофе', NULL, '2026-05-05 02:16:27', '2026-05-05 02:16:27'),
(392, 115, 'tr', 'Buzlu kahve', NULL, '2026-05-05 02:16:27', '2026-05-05 02:16:27'),
(393, 115, 'uz', 'Muzdek qahva', NULL, '2026-05-05 02:16:27', '2026-05-05 02:16:27'),
(394, 114, 'ru', 'Глясе кофе', NULL, '2026-05-05 02:16:50', '2026-05-05 02:16:50'),
(395, 114, 'tr', 'Glyase kahve', NULL, '2026-05-05 02:16:50', '2026-05-05 02:16:50'),
(396, 114, 'uz', 'Glyase qahva', NULL, '2026-05-05 02:16:50', '2026-05-05 02:16:50'),
(397, 116, 'ru', 'Моккачино', NULL, '2026-05-05 02:17:37', '2026-05-05 02:17:37'),
(398, 116, 'tr', 'Mocha', NULL, '2026-05-05 02:17:37', '2026-05-05 02:17:37'),
(399, 116, 'uz', 'Mokkachino', NULL, '2026-05-05 02:17:37', '2026-05-05 02:17:37'),
(403, 118, 'ru', 'Раф классик', NULL, '2026-05-05 02:21:23', '2026-05-05 02:21:23'),
(404, 118, 'tr', 'Raf Klasik', NULL, '2026-05-05 02:21:23', '2026-05-05 02:21:23'),
(405, 118, 'uz', 'Raf Klassik', NULL, '2026-05-05 02:21:23', '2026-05-05 02:21:23'),
(409, 120, 'ru', 'Какао', NULL, '2026-05-05 02:25:18', '2026-05-05 02:25:18'),
(410, 120, 'tr', 'Kakao', NULL, '2026-05-05 02:25:18', '2026-05-05 02:25:18'),
(411, 120, 'uz', 'Kakao', NULL, '2026-05-05 02:25:18', '2026-05-05 02:25:18'),
(412, 121, 'ru', 'Горячий шоколад', NULL, '2026-05-05 02:30:54', '2026-05-05 02:30:54'),
(413, 121, 'tr', 'Sıcak çikolata', NULL, '2026-05-05 02:30:54', '2026-05-05 02:30:54'),
(414, 121, 'uz', 'Issiq shokolad', NULL, '2026-05-05 02:30:54', '2026-05-05 02:30:54'),
(415, 122, 'ru', 'Матча', NULL, '2026-05-05 02:32:17', '2026-05-05 02:32:17'),
(416, 122, 'tr', 'Matcha', NULL, '2026-05-05 02:32:17', '2026-05-05 02:32:17'),
(417, 122, 'uz', 'Matcha', NULL, '2026-05-05 02:32:17', '2026-05-05 02:32:17'),
(436, 34, 'ru', 'Lummy', 'копченое мясо, моцарелла, грибы, кукуруза и соленые огурцы', '2026-05-05 02:40:55', '2026-05-05 02:40:55'),
(437, 34, 'tr', 'Lummy', 'Füme et, mozzarella, mantar, mısır, turşu', '2026-05-05 02:40:55', '2026-05-05 02:40:55'),
(438, 34, 'uz', 'Lummy', 'Dudlangan go\'sht, mozzarella, qo\'ziqorinlar, makkajo\'xori va tuzlangan bodring', '2026-05-05 02:40:55', '2026-05-05 02:40:55'),
(439, 35, 'ru', 'Кавурма', 'говяжья кавурма, моцарелла, перец и грибы', '2026-05-05 02:41:30', '2026-05-05 02:41:30'),
(440, 35, 'tr', 'Kavurmalı', 'Dana kavurma, mozzarella, biber, mantar', '2026-05-05 02:41:30', '2026-05-05 02:41:30'),
(441, 35, 'uz', 'Qovurma', 'mol go\'shti qovurma, mozzarella, qalampir va qo\'ziqorinlar', '2026-05-05 02:41:30', '2026-05-05 02:41:30'),
(442, 36, 'ru', 'Овощная', 'сезонные овощи', '2026-05-05 02:41:46', '2026-05-05 02:41:46'),
(443, 36, 'tr', 'Sebzeli', 'Mevsim sebzeleri ile', '2026-05-05 02:41:46', '2026-05-05 02:41:46'),
(444, 36, 'uz', 'Sabzavotli', 'Mavsumiy sabzavotlar bilan', '2026-05-05 02:41:46', '2026-05-05 02:41:46'),
(451, 40, 'ru', 'Пита с овощами', NULL, '2026-05-05 02:43:29', '2026-05-05 02:43:29'),
(452, 40, 'tr', 'Sebzeli Pita', NULL, '2026-05-05 02:43:29', '2026-05-05 02:43:29'),
(453, 40, 'uz', 'Sabzavotli Pita', NULL, '2026-05-05 02:43:29', '2026-05-05 02:43:29'),
(454, 42, 'ru', 'Пенне Арабьята', NULL, '2026-05-05 02:44:05', '2026-05-05 02:44:05'),
(455, 42, 'tr', 'Penne Arabiatta', NULL, '2026-05-05 02:44:05', '2026-05-05 02:44:05'),
(456, 42, 'uz', 'Penne Arabiatta', NULL, '2026-05-05 02:44:05', '2026-05-05 02:44:05'),
(457, 43, 'ru', 'Спагетти Болоньезе', NULL, '2026-05-05 02:44:19', '2026-05-05 02:44:19'),
(458, 43, 'tr', 'Spaghetti Bolognese', NULL, '2026-05-05 02:44:19', '2026-05-05 02:44:19'),
(459, 43, 'uz', 'Spagetti Bolognese', NULL, '2026-05-05 02:44:19', '2026-05-05 02:44:19'),
(460, 41, 'ru', 'Феттчине Альфредо', NULL, '2026-05-05 02:45:19', '2026-05-05 02:45:19'),
(461, 41, 'tr', 'Fettucine Alfredo', NULL, '2026-05-05 02:45:19', '2026-05-05 02:45:19'),
(462, 41, 'uz', 'Fettuccine Alfredo', NULL, '2026-05-05 02:45:19', '2026-05-05 02:45:19'),
(469, 57, 'ru', 'Жареное мороженое', NULL, '2026-05-05 02:47:46', '2026-05-05 02:47:46'),
(470, 57, 'tr', 'Kızarmış Dondurma', NULL, '2026-05-05 02:47:46', '2026-05-05 02:47:46'),
(471, 57, 'uz', 'Qovurilgan muzqaymoq', NULL, '2026-05-05 02:47:46', '2026-05-05 02:47:46'),
(484, 59, 'ru', 'Чизкейк', NULL, '2026-05-05 02:50:19', '2026-05-05 02:50:19'),
(485, 59, 'tr', 'Cheesecake', NULL, '2026-05-05 02:50:19', '2026-05-05 02:50:19'),
(486, 59, 'uz', 'Pishloqli tort', NULL, '2026-05-05 02:50:19', '2026-05-05 02:50:19'),
(487, 60, 'ru', 'Тирамису', NULL, '2026-05-05 02:51:08', '2026-05-05 02:51:08'),
(488, 60, 'tr', 'Tiramisu', NULL, '2026-05-05 02:51:08', '2026-05-05 02:51:08'),
(489, 60, 'uz', 'Tiramisu', NULL, '2026-05-05 02:51:08', '2026-05-05 02:51:08'),
(490, 55, 'ru', 'Шоколадное суфле', NULL, '2026-05-05 02:52:36', '2026-05-05 02:52:36'),
(491, 55, 'tr', 'Sufle', NULL, '2026-05-05 02:52:36', '2026-05-05 02:52:36'),
(492, 55, 'uz', 'Sufle shokoladli', NULL, '2026-05-05 02:52:36', '2026-05-05 02:52:36'),
(493, 123, 'ru', 'Черника-лаванда', 'ягодный + лёгкий парфюм от лаванды', '2026-05-05 03:12:59', '2026-05-05 03:12:59'),
(494, 123, 'tr', 'Yaban mersini-lavanta', 'Orman meyvesi + hafif lavanta', '2026-05-05 03:12:59', '2026-05-05 03:12:59'),
(495, 123, 'uz', 'Moviy-lavanta', 'rezavorlar + yengil lavanta', '2026-05-05 03:12:59', '2026-05-05 03:12:59'),
(499, 124, 'ru', 'Персик-улун', 'мягкий, чайный, освежающий', '2026-05-05 03:14:41', '2026-05-05 03:14:41'),
(500, 124, 'tr', 'Şeftali Oolong', 'yumuşak, çay gibi, ferahlatıcı', '2026-05-05 03:14:41', '2026-05-05 03:14:41'),
(501, 124, 'uz', 'Shaftoli Ulong', 'yumshoq, choyga o\'xshash, tetiklantiruvchi', '2026-05-05 03:14:41', '2026-05-05 03:14:41'),
(502, 125, 'ru', 'Апельсин-розмарин', 'апельсиновый сок/цедра, лимон. сахар, розмарин', '2026-05-05 03:16:14', '2026-05-05 03:16:14'),
(503, 125, 'tr', 'Portakal-biberiye', 'portakal suyu/kabuğu rendesi, limon, şeker, biberiye', '2026-05-05 03:16:14', '2026-05-05 03:16:14'),
(504, 125, 'uz', 'Apelsin-bibariya', 'apelsin sharbati/pastki qismi, limon, shakar, bibariya', '2026-05-05 03:16:14', '2026-05-05 03:16:14'),
(505, 126, 'ru', 'Манго-маракуйя', 'пюре манго, пюре маракуйи (или сироп), лимон, сахар', '2026-05-05 03:17:41', '2026-05-05 03:17:41'),
(506, 126, 'tr', 'Mango-çarkıfelek meyvesi', 'mango püresi, çarkıfelek meyvesi püresi (veya şurubu), limon, şeker', '2026-05-05 03:17:41', '2026-05-05 03:17:41'),
(507, 126, 'uz', 'Mango-ehtiros mevasi', 'mango pyuresi, marakuya pyuresi (yoki sirop), limon, shakar', '2026-05-05 03:17:41', '2026-05-05 03:17:41'),
(511, 127, 'ru', 'Яблоко-имбирь', 'яблочный сок, лимон, сахар, свежий имбирь', '2026-05-05 03:19:52', '2026-05-05 03:19:52'),
(512, 127, 'tr', 'Elma-zencefil', 'elma suyu, limon, şeker, taze zencefil', '2026-05-05 03:19:52', '2026-05-05 03:19:52'),
(513, 127, 'uz', 'Olma-zanjabil', 'olma sharbati, limon, shakar, yangi zanjabil', '2026-05-05 03:19:52', '2026-05-05 03:19:52'),
(514, 22, 'ru', 'НН бургер', 'две говяжьи котлеты, сыр чеддер, помидоры, соленые огурцы,\r\nсалат и lummy соус', '2026-05-05 04:49:05', '2026-05-05 04:49:05'),
(515, 22, 'tr', 'HH Burger', 'Double özel burger köftesi, cheddar, domates, turşu, marul ve Lummy sos', '2026-05-05 04:49:05', '2026-05-05 04:49:05'),
(516, 22, 'uz', 'HH Burger', 'Ikkita mol go\'shti kotleti, cheddar pishloq, pomidor, tuzlangan bodring, salat bargi va lummi sousi', '2026-05-05 04:49:05', '2026-05-05 04:49:05'),
(520, 21, 'ru', 'Zana Special бургер', 'фирменная говяжья котлета, мексиканский перец, сыр чеддер,\r\nпомидоры, салат и lummy соус', '2026-05-05 04:51:49', '2026-05-05 04:51:49'),
(521, 21, 'tr', 'Zana Special Burger', 'Özel burger köftesı, mexican biberi, cheddar peyniri, domates, marul ve Lummy sos', '2026-05-05 04:51:49', '2026-05-05 04:51:49'),
(522, 21, 'uz', 'Zana maxsus burger', 'Maxsus mol go\'shti kotleti, Meksika qalampiri, cheddar pishloq, pomidor, salat bargi va lummi sousi', '2026-05-05 04:51:49', '2026-05-05 04:51:49'),
(523, 23, 'ru', 'Закрытый бургер', 'фирменная говяжья котлета, сыр чеддер, карамелизированный\r\nлук и соленые огурцы', '2026-05-05 04:52:09', '2026-05-05 04:52:09'),
(524, 23, 'tr', 'Kapalı Burger', 'Özel burger köftesi, cheddar peyniri, karamelize soğan ve turşu', '2026-05-05 04:52:09', '2026-05-05 04:52:09'),
(525, 23, 'uz', 'Yopiq Burger', 'Maxsus mol go\'shti kotleti, cheddar pishloq, karamellangan piyoz va tuzlangan bodring', '2026-05-05 04:52:09', '2026-05-05 04:52:09'),
(526, 38, 'ru', 'Пита с курицей', NULL, '2026-05-05 04:52:54', '2026-05-05 04:52:54'),
(527, 38, 'tr', 'Tavuklu Pita', NULL, '2026-05-05 04:52:54', '2026-05-05 04:52:54'),
(528, 38, 'uz', 'Tovuqli Pita', NULL, '2026-05-05 04:52:54', '2026-05-05 04:52:54'),
(529, 39, 'ru', 'Пита с говядиной', NULL, '2026-05-05 04:53:12', '2026-05-05 04:53:12'),
(530, 39, 'tr', 'Etli Pita', NULL, '2026-05-05 04:53:12', '2026-05-05 04:53:12'),
(531, 39, 'uz', 'Go\'shtli Pita', NULL, '2026-05-05 04:53:12', '2026-05-05 04:53:12'),
(532, 48, 'ru', 'Гавурдагы салат', NULL, '2026-05-05 04:54:33', '2026-05-05 04:54:33'),
(533, 48, 'tr', 'Gavurdağı salat', NULL, '2026-05-05 04:54:33', '2026-05-05 04:54:33'),
(534, 48, 'uz', 'Gavurdagi salat', NULL, '2026-05-05 04:54:33', '2026-05-05 04:54:33'),
(535, 27, 'ru', 'Курица в сливочном соусе', 'Курица приготовленная в соевом и сливочном соусе, подается с\r\nсалатом и картофелем фри', '2026-05-05 04:54:48', '2026-05-05 04:54:48'),
(536, 27, 'tr', 'Kremalı Tavuk', 'Sebze, soya sosu ve krema ile lezzetlendirilmiş tavuk, salata ve patates\r\nkızartması', '2026-05-05 04:54:48', '2026-05-05 04:54:48'),
(537, 27, 'uz', 'Kremli sousda tovuq', 'Soya va qaymoq sousida pishirilgan tovuq go\'shti, salat va kartoshka fri bilan tortiladi', '2026-05-05 04:54:48', '2026-05-05 04:54:48'),
(538, 37, 'ru', 'Пицца Альфредо', 'курица, грибы, сыр моцарелла в сливочном соусе', '2026-05-05 04:55:16', '2026-05-05 04:55:16'),
(539, 37, 'tr', 'Pizza Alfredo', 'Tavuk, mantar ve mozzarella', '2026-05-05 04:55:16', '2026-05-05 04:55:16'),
(540, 37, 'uz', 'Alfredo Pizza', 'tovuq go\'shti, qo\'ziqorinlar, qaymoqli sousda mozzarella pishloq', '2026-05-05 04:55:16', '2026-05-05 04:55:16'),
(541, 33, 'ru', 'Маргарита', 'сыр моцарелла, помидоры и томатный соус', '2026-05-05 04:56:26', '2026-05-05 04:56:26'),
(542, 33, 'tr', 'Margarita', 'Mozzarella peyniri, domates ve sos', '2026-05-05 04:56:26', '2026-05-05 04:56:26'),
(543, 33, 'uz', 'Margarita', 'mozzarella pishloq, pomidor va pomidor sousi', '2026-05-05 04:56:26', '2026-05-05 04:56:26'),
(544, 56, 'ru', 'Креп', NULL, '2026-05-05 04:57:06', '2026-05-05 04:57:06'),
(545, 56, 'tr', 'Krep', NULL, '2026-05-05 04:57:06', '2026-05-05 04:57:06'),
(546, 56, 'uz', 'Krep', NULL, '2026-05-05 04:57:06', '2026-05-05 04:57:06'),
(547, 53, 'ru', 'Рони Семолино', NULL, '2026-05-05 04:57:46', '2026-05-05 04:57:46'),
(548, 53, 'tr', 'Rony Semolino', NULL, '2026-05-05 04:57:46', '2026-05-05 04:57:46'),
(549, 53, 'uz', 'Rony Semolino', NULL, '2026-05-05 04:57:46', '2026-05-05 04:57:46'),
(550, 52, 'ru', 'Фирменный десерт Sarya', NULL, '2026-05-05 04:58:04', '2026-05-05 04:58:04'),
(551, 52, 'tr', 'Desert Sarya', NULL, '2026-05-05 04:58:04', '2026-05-05 04:58:04'),
(552, 52, 'uz', 'Desert Sarya', NULL, '2026-05-05 04:58:04', '2026-05-05 04:58:04'),
(553, 61, 'ru', 'Профитерол', NULL, '2026-05-05 04:58:40', '2026-05-05 04:58:40'),
(554, 61, 'tr', 'Profiterol', NULL, '2026-05-05 04:58:40', '2026-05-05 04:58:40'),
(555, 61, 'uz', 'Profiterol', NULL, '2026-05-05 04:58:40', '2026-05-05 04:58:40'),
(556, 58, 'ru', 'Сан-Себастьян', NULL, '2026-05-05 04:59:04', '2026-05-05 04:59:04'),
(557, 58, 'tr', 'San Sebastian', NULL, '2026-05-05 04:59:04', '2026-05-05 04:59:04'),
(558, 58, 'uz', 'San Sebastian', NULL, '2026-05-05 04:59:04', '2026-05-05 04:59:04'),
(559, 32, 'ru', 'Пепперони', 'итальянская пепперони, сыр моцарелла и томатный соус', '2026-05-05 05:06:14', '2026-05-05 05:06:14'),
(560, 32, 'tr', 'Pepperoni', 'Italian pepperoni, mozzarella ve sos', '2026-05-05 05:06:14', '2026-05-05 05:06:14'),
(561, 32, 'uz', 'Pepperoni', 'Italiyancha pitsa pepperoni, sous', '2026-05-05 05:06:14', '2026-05-05 05:06:14'),
(565, 67, 'ru', 'Мараканский', NULL, '2026-05-05 07:19:39', '2026-05-05 07:19:39'),
(566, 67, 'tr', 'Fas', NULL, '2026-05-05 07:19:39', '2026-05-05 07:19:39'),
(567, 67, 'uz', 'Marokash', NULL, '2026-05-05 07:19:39', '2026-05-05 07:19:39'),
(568, 12, 'ru', 'Турецкий завтрак (серпме)', 'Только по выходным с 09:00 до  15:00, (Цена за персону)', '2026-05-05 09:52:02', '2026-05-05 09:52:02'),
(569, 12, 'tr', 'Serpme kahvaltı', 'Sadece haftasonu 09:00–15:00 arası. (Kişi başı)', '2026-05-05 09:52:02', '2026-05-05 09:52:02'),
(570, 12, 'uz', 'Turkcha nonushta (serpme)', 'Faqat dam olish kunlari, soat 09:00 dan 15:00 gacha.', '2026-05-05 09:52:02', '2026-05-05 09:52:02'),
(571, 11, 'ru', 'Омлет с говядиной', 'говяжья кавурма, сыр кашар', '2026-05-05 09:52:14', '2026-05-05 09:52:14'),
(572, 11, 'tr', 'Kavurmalı omlet', 'Dana kavurma, kaşar', '2026-05-05 09:52:14', '2026-05-05 09:52:14'),
(573, 11, 'uz', 'Mol go\'shti omleti', 'mol go\'shti kavurma, kashar pishloq', '2026-05-05 09:52:14', '2026-05-05 09:52:14'),
(574, 10, 'ru', 'Lummy омлет', 'грибы, сосиски, сыр кашар', '2026-05-05 09:52:27', '2026-05-05 09:52:27'),
(575, 10, 'tr', 'Lummy omlet', 'Mantar, sosis, kaşar', '2026-05-05 09:52:27', '2026-05-05 09:52:27'),
(576, 10, 'uz', 'Lummy omlet', 'qo\'ziqorinlar, kolbasalar, Kashar pishloqi', '2026-05-05 09:52:27', '2026-05-05 09:52:27'),
(577, 9, 'ru', 'Смешанный тост', 'сыр кашар, суджук, помидоры, тимьян, перец', '2026-05-05 09:52:39', '2026-05-05 09:52:39'),
(578, 9, 'tr', 'Karışık tost', 'Kaşar peyniri, sucuk, domates, kekik, biber', '2026-05-05 09:52:39', '2026-05-05 09:52:39'),
(579, 9, 'uz', 'Aralash tost', 'kashar pishloq, sujuk, pomidor, timyan, qalampir', '2026-05-05 09:52:39', '2026-05-05 09:52:39'),
(583, 8, 'ru', 'Тост с мясом', 'говяжья кавурма, сыр кашар, перец, помидоры', '2026-05-05 10:16:36', '2026-05-05 10:16:36'),
(584, 8, 'tr', 'Kavurmalı tost', 'Dana kavurma, kaşar peyniri, biber, domates', '2026-05-05 10:16:36', '2026-05-05 10:16:36'),
(585, 8, 'uz', 'Go\'shtli tost', 'mol go\'shti kavurma, kashar pishloq, qalampir, pomidor', '2026-05-05 10:16:36', '2026-05-05 10:16:36'),
(586, 82, 'ru', 'Голубая лагуна', NULL, '2026-05-05 11:51:21', '2026-05-05 11:51:21'),
(587, 82, 'tr', 'Mavi Lagün', NULL, '2026-05-05 11:51:21', '2026-05-05 11:51:21'),
(588, 82, 'uz', 'Moviy Laguna', NULL, '2026-05-05 11:51:21', '2026-05-05 11:51:21'),
(591, 1, 'en', 'Osh', NULL, '2026-05-09 07:26:20', '2026-05-09 07:26:20'),
(592, 6, 'tr', 'Balik sorva', NULL, '2026-05-10 02:05:10', '2026-05-10 02:05:10'),
(593, 6, 'en', 'Fish Soup', NULL, '2026-05-10 02:05:10', '2026-05-10 02:05:10'),
(594, 64, 'ru', 'Черный чай', NULL, '2026-05-10 12:36:48', '2026-05-10 12:36:48'),
(595, 64, 'uz', 'Qora choy', NULL, '2026-05-10 12:36:48', '2026-05-10 12:36:48'),
(596, 128, 'ru', 'персик улун айс-ти', NULL, '2026-05-19 08:02:26', '2026-05-19 08:02:26'),
(597, 129, 'ru', 'яблока тимян', NULL, '2026-05-19 08:02:51', '2026-05-19 08:02:51'),
(598, 130, 'ru', 'клубника матча', NULL, '2026-05-19 08:03:13', '2026-05-19 08:03:13'),
(599, 131, 'ru', 'Апелсин размарин', NULL, '2026-05-19 08:03:34', '2026-05-19 08:03:34'),
(600, 132, 'ru', 'черника гибискус', NULL, '2026-05-19 08:03:59', '2026-05-19 08:03:59'),
(601, 133, 'ru', 'манго жасмин', NULL, '2026-05-19 08:05:09', '2026-05-19 08:05:09'),
(602, 134, 'ru', 'персик улун айс ти', NULL, '2026-05-19 08:05:52', '2026-05-19 08:05:52'),
(603, 135, 'ru', 'яблока тимян', NULL, '2026-05-19 08:06:19', '2026-05-19 08:06:19'),
(604, 136, 'ru', 'апелсин размарин', NULL, '2026-05-19 08:06:40', '2026-05-19 08:06:40'),
(605, 137, 'ru', 'клубника матча', NULL, '2026-05-19 08:07:02', '2026-05-19 08:07:02'),
(606, 138, 'ru', 'черника гибискус', NULL, '2026-05-19 08:07:27', '2026-05-19 08:07:27'),
(607, 139, 'ru', 'манго жасмин', NULL, '2026-05-19 08:08:14', '2026-05-19 08:08:14'),
(608, 140, 'ru', 'спарклинг чай', NULL, '2026-05-19 08:08:35', '2026-05-19 08:08:35'),
(609, 141, 'ru', 'черника лаванда', NULL, '2026-05-19 08:09:12', '2026-05-19 08:09:12'),
(610, 142, 'ru', 'персик-улун', NULL, '2026-05-19 08:09:35', '2026-05-19 08:09:35'),
(611, 143, 'ru', 'апелсин размарин', NULL, '2026-05-19 08:09:55', '2026-05-19 08:09:55'),
(612, 144, 'ru', 'яблока-имбирь', NULL, '2026-05-19 08:10:21', '2026-05-19 08:10:21'),
(613, 145, 'ru', 'манго банан', NULL, '2026-05-19 08:11:30', '2026-05-19 08:11:30'),
(614, 146, 'ru', 'клубника банан', NULL, '2026-05-19 08:12:05', '2026-05-19 08:12:05'),
(615, 147, 'ru', 'зелёный', NULL, '2026-05-19 08:12:26', '2026-05-19 08:12:26'),
(616, 148, 'ru', 'ягодный микс', NULL, '2026-05-19 08:17:14', '2026-05-19 08:17:14'),
(617, 149, 'ru', 'Банан арахис', NULL, '2026-05-19 08:17:37', '2026-05-19 08:17:37'),
(618, 150, 'ru', 'манго айс латте', NULL, '2026-05-19 08:18:13', '2026-05-19 08:18:13'),
(619, 151, 'ru', 'медовый раф с солью', NULL, '2026-05-19 08:18:47', '2026-05-19 08:18:47'),
(620, 152, 'ru', 'ловандовый латте', NULL, '2026-05-19 08:19:48', '2026-05-19 08:19:48'),
(621, 153, 'ru', 'какосивы жасмин', NULL, '2026-05-19 08:25:31', '2026-05-19 08:25:31'),
(622, 154, 'ru', 'сырно эгзатически жасмин', NULL, '2026-05-19 08:26:13', '2026-05-19 08:26:13'),
(623, 155, 'ru', 'клубничный матча', NULL, '2026-05-19 08:26:47', '2026-05-19 08:26:47'),
(624, 156, 'ru', 'манго банан', NULL, '2026-05-19 08:27:24', '2026-05-19 08:27:24'),
(625, 157, 'ru', 'клубника банан', NULL, '2026-05-19 08:27:53', '2026-05-19 08:27:53'),
(626, 158, 'ru', 'клубника банан', NULL, '2026-05-19 08:27:53', '2026-05-19 08:27:53'),
(627, 159, 'ru', 'зелёный', NULL, '2026-05-19 08:28:12', '2026-05-19 08:28:12'),
(628, 160, 'ru', 'ягодный микс', NULL, '2026-05-19 08:28:44', '2026-05-19 08:28:44'),
(629, 161, 'ru', 'Банан арахис', NULL, '2026-05-19 08:29:00', '2026-05-19 08:29:00'),
(631, 162, 'ru', 'Жаренный -Цеплёнок 1 кг', NULL, '2026-06-02 07:47:03', '2026-06-02 07:47:03');

--
-- Indexes for dumped tables
--

--
-- Indexes for table `cafes`
--
ALTER TABLE `cafes`
  ADD PRIMARY KEY (`id`),
  ADD UNIQUE KEY `username` (`username`),
  ADD UNIQUE KEY `code` (`code`);

--
-- Indexes for table `cafe_fee_translations`
--
ALTER TABLE `cafe_fee_translations`
  ADD PRIMARY KEY (`id`),
  ADD UNIQUE KEY `uniq_cafe_fee_translation` (`cafe_id`,`language_code`),
  ADD KEY `idx_cafe_fee_translations_cafe_id` (`cafe_id`),
  ADD KEY `idx_cafe_fee_translations_language_code` (`language_code`);

--
-- Indexes for table `cafe_languages`
--
ALTER TABLE `cafe_languages`
  ADD PRIMARY KEY (`id`),
  ADD UNIQUE KEY `uniq_cafe_language` (`cafe_id`,`language_code`),
  ADD UNIQUE KEY `uniq_cafe_language_order` (`cafe_id`,`sort_order`),
  ADD KEY `idx_cafe_languages_cafe_id` (`cafe_id`);

--
-- Indexes for table `categories`
--
ALTER TABLE `categories`
  ADD PRIMARY KEY (`id`),
  ADD KEY `idx_categories_cafe_id` (`cafe_id`),
  ADD KEY `idx_categories_cafe_sort` (`cafe_id`,`sort_order`);

--
-- Indexes for table `category_translations`
--
ALTER TABLE `category_translations`
  ADD PRIMARY KEY (`id`),
  ADD UNIQUE KEY `uniq_category_translation` (`category_id`,`language_code`),
  ADD KEY `idx_category_translations_category_id` (`category_id`),
  ADD KEY `idx_category_translations_language_code` (`language_code`);

--
-- Indexes for table `menu_items`
--
ALTER TABLE `menu_items`
  ADD PRIMARY KEY (`id`),
  ADD KEY `idx_menu_items_cafe_id` (`cafe_id`),
  ADD KEY `idx_menu_items_category_id` (`category_id`),
  ADD KEY `idx_menu_items_cafe_sort` (`cafe_id`,`sort_order`);

--
-- Indexes for table `menu_item_translations`
--
ALTER TABLE `menu_item_translations`
  ADD PRIMARY KEY (`id`),
  ADD UNIQUE KEY `uniq_menu_item_translation` (`menu_item_id`,`language_code`),
  ADD KEY `idx_menu_item_translations_menu_item_id` (`menu_item_id`),
  ADD KEY `idx_menu_item_translations_language_code` (`language_code`);

--
-- AUTO_INCREMENT for dumped tables
--

--
-- AUTO_INCREMENT for table `cafes`
--
ALTER TABLE `cafes`
  MODIFY `id` bigint(20) UNSIGNED NOT NULL AUTO_INCREMENT, AUTO_INCREMENT=9;

--
-- AUTO_INCREMENT for table `cafe_fee_translations`
--
ALTER TABLE `cafe_fee_translations`
  MODIFY `id` bigint(20) UNSIGNED NOT NULL AUTO_INCREMENT, AUTO_INCREMENT=61;

--
-- AUTO_INCREMENT for table `cafe_languages`
--
ALTER TABLE `cafe_languages`
  MODIFY `id` bigint(20) UNSIGNED NOT NULL AUTO_INCREMENT, AUTO_INCREMENT=158;

--
-- AUTO_INCREMENT for table `categories`
--
ALTER TABLE `categories`
  MODIFY `id` bigint(20) UNSIGNED NOT NULL AUTO_INCREMENT, AUTO_INCREMENT=23;

--
-- AUTO_INCREMENT for table `category_translations`
--
ALTER TABLE `category_translations`
  MODIFY `id` bigint(20) UNSIGNED NOT NULL AUTO_INCREMENT, AUTO_INCREMENT=144;

--
-- AUTO_INCREMENT for table `menu_items`
--
ALTER TABLE `menu_items`
  MODIFY `id` bigint(20) UNSIGNED NOT NULL AUTO_INCREMENT, AUTO_INCREMENT=163;

--
-- AUTO_INCREMENT for table `menu_item_translations`
--
ALTER TABLE `menu_item_translations`
  MODIFY `id` bigint(20) UNSIGNED NOT NULL AUTO_INCREMENT, AUTO_INCREMENT=632;

--
-- Constraints for dumped tables
--

--
-- Constraints for table `cafe_fee_translations`
--
ALTER TABLE `cafe_fee_translations`
  ADD CONSTRAINT `fk_cafe_fee_translations_cafe` FOREIGN KEY (`cafe_id`) REFERENCES `cafes` (`id`) ON DELETE CASCADE;

--
-- Constraints for table `cafe_languages`
--
ALTER TABLE `cafe_languages`
  ADD CONSTRAINT `fk_cafe_languages_cafe` FOREIGN KEY (`cafe_id`) REFERENCES `cafes` (`id`) ON DELETE CASCADE;

--
-- Constraints for table `categories`
--
ALTER TABLE `categories`
  ADD CONSTRAINT `fk_categories_cafe` FOREIGN KEY (`cafe_id`) REFERENCES `cafes` (`id`) ON DELETE CASCADE;

--
-- Constraints for table `category_translations`
--
ALTER TABLE `category_translations`
  ADD CONSTRAINT `fk_category_translations_category` FOREIGN KEY (`category_id`) REFERENCES `categories` (`id`) ON DELETE CASCADE;

--
-- Constraints for table `menu_items`
--
ALTER TABLE `menu_items`
  ADD CONSTRAINT `fk_menu_items_cafe` FOREIGN KEY (`cafe_id`) REFERENCES `cafes` (`id`) ON DELETE CASCADE,
  ADD CONSTRAINT `fk_menu_items_category` FOREIGN KEY (`category_id`) REFERENCES `categories` (`id`) ON DELETE SET NULL;

--
-- Constraints for table `menu_item_translations`
--
ALTER TABLE `menu_item_translations`
  ADD CONSTRAINT `fk_menu_item_translations_menu_item` FOREIGN KEY (`menu_item_id`) REFERENCES `menu_items` (`id`) ON DELETE CASCADE;
COMMIT;

/*!40101 SET CHARACTER_SET_CLIENT=@OLD_CHARACTER_SET_CLIENT */;
/*!40101 SET CHARACTER_SET_RESULTS=@OLD_CHARACTER_SET_RESULTS */;
/*!40101 SET COLLATION_CONNECTION=@OLD_COLLATION_CONNECTION */;
